x,y,abs_corr
gov_effectiveness_z,gov_effectiveness_imputed,1.0000000000000024
gov_effectiveness,gov_effectiveness_z,1.0000000000000024
control_corruption_z,control_corruption_imputed,1.0000000000000022
control_corruption,control_corruption_z,1.0000000000000022
fdi_inflow_usd_ln,fdi_inflow_usd_ln_safe,1.0000000000000002
imports_usd_ln,imports_usd_ln_safe,1.0000000000000002
total_reserves_usd_ln,total_reserves_usd_ln_safe,1.0000000000000002
exports_usd_ln,exports_usd_ln_safe,1.0000000000000002
gdp_usd_ln,gdp_usd_ln_safe,1.0
political_stability,political_stability_imputed,1.0
reg_quality,reg_quality_imputed,1.0
gov_effectiveness,gov_effectiveness_imputed,1.0
control_corruption,control_corruption_imputed,1.0
rule_of_law,rule_of_law_imputed,1.0
voice_accountability,voice_accountability_imputed,1.0
rule_of_law_z,rule_of_law_imputed,0.9999999999999998
current_account_balance_usd_ln,current_account_balance_usd_ln_safe,0.9999999999999998
rule_of_law,rule_of_law_z,0.9999999999999998
external_debt_usd_ln,external_debt_usd_ln_safe,0.9999999999999996
political_stability,political_stability_z,0.9999999999999989
political_stability_z,political_stability_imputed,0.9999999999999989
reg_quality_z,reg_quality_imputed,0.9999999999999987
reg_quality,reg_quality_z,0.9999999999999986
voice_accountability,voice_accountability_z,0.9999999999999959
voice_accountability_z,voice_accountability_imputed,0.9999999999999957
exports_usd,imports_usd,0.9988668419249767
gdp_usd,gdp_usd_lag1,0.9984691137280828
gov_index_zmean,gov_index_zmean_lag1,0.994795897648265
gdp_per_capita_usd,gdp_per_capita_usd_lag1,0.9930994910736585
exports_usd_ln_safe,imports_usd_ln_safe,0.9899992716768551
imports_usd_ln,exports_usd_ln_safe,0.9899992716768551
exports_usd_ln,imports_usd_ln_safe,0.989999271676855
exports_usd_ln,imports_usd_ln,0.989999271676855
imports_usd_ln,gdp_usd_ln_safe,0.9857114610514663
gdp_usd_ln,imports_usd_ln_safe,0.9857114610514662
gdp_usd_ln_safe,imports_usd_ln_safe,0.9857114610514662
gdp_usd_ln,imports_usd_ln,0.985711461051466
imports_usd,gdp_usd,0.984983679412307
imports_usd,gdp_usd_lag1,0.9834291034927706
external_debt_usd,gdp_usd_lag1,0.9828821699342687
external_debt_usd,gdp_usd,0.9824414454609002
external_debt_usd,imports_usd,0.981842212349845
exports_usd,gdp_usd,0.980055347132697
exports_usd,gdp_usd_lag1,0.9784237907468877
exports_usd_ln,gdp_usd_ln_safe,0.9774696595532613
gdp_usd_ln_safe,exports_usd_ln_safe,0.9774696595532608
gdp_usd_ln,exports_usd_ln,0.9774696595532606
gdp_usd_ln,exports_usd_ln_safe,0.9774696595532606
external_debt_usd,exports_usd,0.9760935670533557
rule_of_law_z,gov_index_zmean,0.9748800179089904
rule_of_law,gov_index_zmean,0.9748800179089882
gov_index_zmean,rule_of_law_imputed,0.9745653896139916
rule_of_law_z,gov_index_zmean_lag1,0.9716629645958201
rule_of_law,gov_index_zmean_lag1,0.9716629645958201
gov_index_zmean_lag1,rule_of_law_imputed,0.9700360043262456
gdp_usd_ln,external_debt_usd_ln_safe,0.9554142334678445
gdp_usd_ln_safe,external_debt_usd_ln_safe,0.9554142334678443
external_debt_usd_ln,gdp_usd_ln_safe,0.955414233467844
gdp_usd_ln,external_debt_usd_ln,0.9554142334678439
gov_effectiveness,gov_index_zmean,0.9525442909001473
gov_effectiveness_z,gov_index_zmean,0.9525442909001448
imports_usd_ln,external_debt_usd_ln_safe,0.9514428506404353
external_debt_usd_ln,imports_usd_ln_safe,0.9514428506404353
imports_usd_ln_safe,external_debt_usd_ln_safe,0.9514428506404353
imports_usd_ln,external_debt_usd_ln,0.9514428506404353
control_corruption_z,gov_index_zmean,0.9511379449503659
control_corruption,gov_index_zmean,0.9511379449503611
control_corruption,gov_index_zmean_lag1,0.947955677864858
control_corruption_z,gov_index_zmean_lag1,0.947955677864857
gov_index_zmean,control_corruption_imputed,0.9472003948367222
gov_effectiveness_z,gov_index_zmean_lag1,0.9458313538286639
gov_effectiveness,gov_index_zmean_lag1,0.9458313538286612
gov_index_zmean_lag1,control_corruption_imputed,0.9436472097446396
exports_usd_ln,external_debt_usd_ln,0.9423648173478518
exports_usd_ln,external_debt_usd_ln_safe,0.9423648173478517
external_debt_usd_ln,exports_usd_ln_safe,0.9423648173478516
exports_usd_ln_safe,external_debt_usd_ln_safe,0.9423648173478514
gov_index_zmean,gov_effectiveness_imputed,0.941631555633379
imports_usd_ln_safe,fdi_inflow_usd_ln_safe,0.9370930585653773
fdi_inflow_usd_ln,imports_usd_ln_safe,0.9370930585653772
imports_usd_ln,fdi_inflow_usd_ln_safe,0.937093058565377
fdi_inflow_usd_ln,imports_usd_ln,0.9370930585653768
control_corruption,rule_of_law_z,0.9368859813347694
rule_of_law,control_corruption,0.9368859813347686
rule_of_law_z,control_corruption_z,0.9368859813347673
rule_of_law,control_corruption_z,0.9368859813347669
control_corruption_z,rule_of_law_imputed,0.9368053273407765
control_corruption,rule_of_law_imputed,0.9368053273407762
exports_usd_ln,fdi_inflow_usd_ln_safe,0.9364259814452387
fdi_inflow_usd_ln,exports_usd_ln,0.9364259814452387
fdi_inflow_usd_ln,exports_usd_ln_safe,0.9364259814452385
exports_usd_ln_safe,fdi_inflow_usd_ln_safe,0.9364259814452385
gov_index_zmean_lag1,gov_effectiveness_imputed,0.9361407930201482
rule_of_law_imputed,control_corruption_imputed,0.9359240542738458
rule_of_law_z,control_corruption_imputed,0.9341709812230384
rule_of_law,control_corruption_imputed,0.9341709812230377
reg_quality,gov_index_zmean,0.9323816827000547
reg_quality_z,gov_index_zmean,0.9323816827000507
gov_effectiveness_z,rule_of_law_imputed,0.9323371573850977
rule_of_law,gov_effectiveness_z,0.9323371573850977
gov_effectiveness_z,rule_of_law_z,0.932337157385096
gov_effectiveness,rule_of_law_z,0.9323371573850956
gov_effectiveness,rule_of_law,0.9323371573850944
gov_effectiveness,rule_of_law_imputed,0.9323371573850944
fdi_inflow_usd,external_debt_usd,0.9299783077343271
gov_effectiveness_imputed,reg_quality_imputed,0.929941292739531
reg_quality,gov_effectiveness_z,0.9297981477268166
gov_effectiveness_z,reg_quality_z,0.9297981477268147
gov_effectiveness,reg_quality,0.9297981477268132
gov_effectiveness,reg_quality_z,0.9297981477268116
gov_effectiveness_z,reg_quality_imputed,0.9297964437144641
gov_effectiveness,reg_quality_imputed,0.929796443714461
reg_quality,gov_effectiveness_imputed,0.9297476168361732
reg_quality_z,gov_effectiveness_imputed,0.9297476168361721
reg_quality,gov_index_zmean_lag1,0.9269439317868214
reg_quality_z,gov_index_zmean_lag1,0.9269439317868174
gov_effectiveness_imputed,rule_of_law_imputed,0.9246067658326994
rule_of_law_z,gov_effectiveness_imputed,0.9234352887499032
rule_of_law,gov_effectiveness_imputed,0.9234352887499023
total_reserves_usd_ln,gdp_usd_ln_safe,0.921746542802717
gdp_usd_ln_safe,total_reserves_usd_ln_safe,0.921746542802717
gdp_usd_ln,total_reserves_usd_ln,0.9217465428027168
gdp_usd_ln,total_reserves_usd_ln_safe,0.9217465428027166
gov_effectiveness_z,control_corruption_z,0.9195930579719703
gov_effectiveness,control_corruption_z,0.9195930579719688
control_corruption,gov_effectiveness_z,0.9195930579719686
gov_effectiveness_z,control_corruption_imputed,0.9195930579719684
gov_effectiveness,control_corruption,0.9195930579719648
gov_effectiveness,control_corruption_imputed,0.9195930579719648
gov_effectiveness_imputed,control_corruption_imputed,0.9194423954305592
gov_index_zmean,reg_quality_imputed,0.9190093333418589
control_corruption_z,gov_effectiveness_imputed,0.9180497116418631
control_corruption,gov_effectiveness_imputed,0.9180497116418624
gov_index_zmean_lag1,reg_quality_imputed,0.9146838015374674
gdp_usd_ln,fdi_inflow_usd_ln_safe,0.9144326016467748
gdp_usd_ln,fdi_inflow_usd_ln,0.9144326016467748
gdp_usd_ln_safe,fdi_inflow_usd_ln_safe,0.9144326016467746
fdi_inflow_usd_ln,gdp_usd_ln_safe,0.9144326016467746
total_reserves_usd_ln,imports_usd_ln,0.9079795992452956
imports_usd_ln,total_reserves_usd_ln_safe,0.9079795992452956
total_reserves_usd_ln,imports_usd_ln_safe,0.9079795992452954
imports_usd_ln_safe,total_reserves_usd_ln_safe,0.9079795992452954
reg_quality_z,rule_of_law_z,0.9039480056189696
reg_quality,rule_of_law_z,0.9039480056189684
reg_quality,rule_of_law,0.9039480056189674
reg_quality,rule_of_law_imputed,0.9039480056189674
reg_quality_z,rule_of_law_imputed,0.9039480056189626
rule_of_law,reg_quality_z,0.9039480056189626
total_reserves_usd_ln,exports_usd_ln_safe,0.8981803911101256
exports_usd_ln_safe,total_reserves_usd_ln_safe,0.8981803911101255
exports_usd_ln,total_reserves_usd_ln_safe,0.8981803911101253
total_reserves_usd_ln,exports_usd_ln,0.8981803911101253
reg_quality_imputed,rule_of_law_imputed,0.8958521333422357
rule_of_law,reg_quality_imputed,0.8940067703929432
rule_of_law_z,reg_quality_imputed,0.89400677039294
external_debt_usd_ln,fdi_inflow_usd_ln_safe,0.8812626572330838
fdi_inflow_usd_ln_safe,external_debt_usd_ln_safe,0.8812626572330837
fdi_inflow_usd_ln,external_debt_usd_ln,0.8812626572330837
fdi_inflow_usd_ln,external_debt_usd_ln_safe,0.8812626572330836
fdi_inflow_usd,imports_usd,0.8770659204096718
gov_index_zmean,voice_accountability_imputed,0.8761771008361031
voice_accountability_z,gov_index_zmean,0.8755182055955938
voice_accountability,gov_index_zmean,0.8755182055955921
fdi_inflow_usd,gdp_usd,0.8751129374507147
fdi_inflow_usd,exports_usd,0.8732934453479968
fdi_inflow_usd,gdp_usd_lag1,0.8730889187032697
inflation_consumer_prices_pct,inflation_gdp_deflator_pct,0.8718100769931242
gov_index_zmean_lag1,voice_accountability_imputed,0.8704272240129505
voice_accountability,gov_index_zmean_lag1,0.8702641931232051
voice_accountability_z,gov_index_zmean_lag1,0.8702641931232035
reg_quality_z,control_corruption_z,0.8656427838969137
reg_quality_z,control_corruption_imputed,0.8656427838969136
control_corruption,reg_quality_z,0.8656427838969136
reg_quality,control_corruption_z,0.8656427838969131
reg_quality,control_corruption_imputed,0.8656427838969121
reg_quality,control_corruption,0.8656427838969121
external_debt_usd,total_reserves_usd,0.8656250004323746
reg_quality_imputed,control_corruption_imputed,0.8652035036651017
control_corruption,reg_quality_imputed,0.8645450887825176
control_corruption_z,reg_quality_imputed,0.8645450887825162
total_reserves_usd_ln_safe,external_debt_usd_ln_safe,0.8644180752771313
external_debt_usd_ln,total_reserves_usd_ln_safe,0.8644180752771312
total_reserves_usd_ln,external_debt_usd_ln_safe,0.8644180752771312
total_reserves_usd_ln,external_debt_usd_ln,0.8644180752771309
gdp_usd_ln_safe,current_account_balance_usd_ln_safe,0.8534672286255262
gdp_usd_ln,current_account_balance_usd_ln_safe,0.853467228625526
gdp_usd_ln,current_account_balance_usd_ln,0.8534672286255258
current_account_balance_usd_ln,gdp_usd_ln_safe,0.8534672286255258
current_account_balance_usd_ln,exports_usd_ln_safe,0.8489723316116954
exports_usd_ln,current_account_balance_usd_ln,0.8489723316116952
exports_usd_ln,current_account_balance_usd_ln_safe,0.8489723316116952
exports_usd_ln_safe,current_account_balance_usd_ln_safe,0.8489723316116952
gov_index_zmean,political_stability_imputed,0.8389203373024602
political_stability_z,gov_index_zmean,0.8383391923679616
political_stability,gov_index_zmean,0.8383391923679615
gov_index_zmean_lag1,political_stability_imputed,0.8304512646865129
gdp_per_capita_usd_ln,gov_effectiveness_z,0.8302196885236186
gov_effectiveness,gdp_per_capita_usd_ln,0.8302196885236166
gdp_per_capita_usd_ln,gov_effectiveness_imputed,0.8301338058748524
imports_usd_ln_safe,current_account_balance_usd_ln_safe,0.8296755734255036
imports_usd_ln,current_account_balance_usd_ln_safe,0.8296755734255036
current_account_balance_usd_ln,imports_usd_ln_safe,0.8296755734255036
imports_usd_ln,current_account_balance_usd_ln,0.8296755734255035
political_stability_z,gov_index_zmean_lag1,0.8281835340655123
political_stability,gov_index_zmean_lag1,0.8281835340655109
voice_accountability_imputed,rule_of_law_imputed,0.8253992974724369
rule_of_law_z,voice_accountability_imputed,0.823154964862928
rule_of_law,voice_accountability_imputed,0.8231549648629278
voice_accountability,rule_of_law_z,0.8225537828749042
voice_accountability_z,rule_of_law_z,0.8225537828749024
voice_accountability,rule_of_law,0.8225537828749014
rule_of_law,voice_accountability_z,0.8225537828749007
voice_accountability,rule_of_law_imputed,0.8225217712650726
voice_accountability_z,rule_of_law_imputed,0.8225217712650724
fdi_inflow_usd_ln_safe,total_reserves_usd_ln_safe,0.8049116284148305
fdi_inflow_usd_ln,total_reserves_usd_ln_safe,0.8049116284148303
fdi_inflow_usd_ln,total_reserves_usd_ln,0.8049116284148302
total_reserves_usd_ln,fdi_inflow_usd_ln_safe,0.8049116284148301
gdp_per_capita_usd_ln,gov_index_zmean,0.8029985739639866
gdp_per_capita_usd_ln,gov_index_zmean_lag1,0.7993872622809075
gdp_per_capita_usd_ln,reg_quality_z,0.7968235840825304
reg_quality,gdp_per_capita_usd_ln,0.7968235840825283
political_stability_imputed,rule_of_law_imputed,0.7956111379134029
gdp_per_capita_usd_ln,reg_quality_imputed,0.7952349848180863
rule_of_law_z,political_stability_imputed,0.7911340686435605
rule_of_law,political_stability_imputed,0.7911340686435586
political_stability_z,rule_of_law_imputed,0.7906235548473644
political_stability,rule_of_law_imputed,0.7906235548473617
political_stability,rule_of_law_z,0.7905269687802412
political_stability_z,rule_of_law_z,0.7905269687802382
political_stability,rule_of_law,0.7905269687802362
rule_of_law,political_stability_z,0.790526968780236
gdp_per_capita_usd_ln,rule_of_law_z,0.7863259031616341
rule_of_law,gdp_per_capita_usd_ln,0.786325903161634
total_reserves_usd_ln_safe,current_account_balance_usd_ln_safe,0.7853204406490978
current_account_balance_usd_ln,total_reserves_usd_ln_safe,0.7853204406490976
total_reserves_usd_ln,current_account_balance_usd_ln_safe,0.7853204406490975
total_reserves_usd_ln,current_account_balance_usd_ln,0.7853204406490975
gdp_per_capita_usd_ln,rule_of_law_imputed,0.7839143248222425
reg_quality_z,voice_accountability_imputed,0.7808009646992511
reg_quality,voice_accountability_imputed,0.7808009646992495
reg_quality,voice_accountability_z,0.7806223946610946
voice_accountability_z,reg_quality_z,0.7806223946610934
voice_accountability,reg_quality,0.7806223946610931
voice_accountability,reg_quality_z,0.7806223946610931
voice_accountability_imputed,control_corruption_imputed,0.7785302116605044
control_corruption_z,voice_accountability_imputed,0.7769697590311854
control_corruption,voice_accountability_imputed,0.7769697590311839
voice_accountability_z,control_corruption_z,0.7760072036631128
voice_accountability,control_corruption,0.7760072036631118
control_corruption,voice_accountability_z,0.7760072036631109
voice_accountability,control_corruption_z,0.7760072036631104
voice_accountability_z,control_corruption_imputed,0.7751974357469655
voice_accountability,control_corruption_imputed,0.7751974357469631
control_corruption,gdp_per_capita_usd_ln,0.7721265119890496
gdp_per_capita_usd_ln,control_corruption_z,0.7721265119890479
gdp_per_capita_usd_ln,control_corruption_imputed,0.7718973267241523
voice_accountability_imputed,reg_quality_imputed,0.7717640747019905
voice_accountability_z,reg_quality_imputed,0.7692043571381355
voice_accountability,reg_quality_imputed,0.7692043571381312
gdp_per_capita_usd,gdp_per_capita_usd_ln,0.7647343970485562
gdp_per_capita_usd_ln,gdp_per_capita_usd_lag1,0.7640668878243311
gov_effectiveness_z,voice_accountability_imputed,0.7564841318789617
gov_effectiveness,voice_accountability_imputed,0.7564841318789571
political_stability_imputed,control_corruption_imputed,0.7562853546364403
voice_accountability,gov_effectiveness,0.7554541761310222
voice_accountability,gov_effectiveness_z,0.7554541761310201
gov_effectiveness,voice_accountability_z,0.7554541761310196
voice_accountability_z,gov_effectiveness_z,0.7554541761310185
political_stability_z,control_corruption_imputed,0.7534276149628296
political_stability,control_corruption_imputed,0.7534276149628293
political_stability_z,control_corruption_z,0.7526171660541233
political_stability,control_corruption,0.7526171660541231
political_stability,control_corruption_z,0.7526171660541222
control_corruption,political_stability_z,0.7526171660541213
control_corruption,political_stability_imputed,0.7523528790669913
control_corruption_z,political_stability_imputed,0.7523528790669901
voice_accountability_imputed,gov_effectiveness_imputed,0.7519943581114824
fdi_inflow_usd_ln,current_account_balance_usd_ln_safe,0.7489183571404258
fdi_inflow_usd_ln_safe,current_account_balance_usd_ln_safe,0.7489183571404258
fdi_inflow_usd_ln,current_account_balance_usd_ln,0.7489183571404254
current_account_balance_usd_ln,fdi_inflow_usd_ln_safe,0.7489183571404251
voice_accountability_z,gov_effectiveness_imputed,0.748615313858191
voice_accountability,gov_effectiveness_imputed,0.7486153138581889
gov_effectiveness_z,political_stability_imputed,0.7211622978798972
gov_effectiveness,political_stability_imputed,0.7211622978798959
political_stability_z,gov_effectiveness_z,0.7211491813243774
gov_effectiveness,political_stability_z,0.7211491813243773
political_stability,gov_effectiveness,0.7211491813243769
political_stability,gov_effectiveness_z,0.7211491813243756
political_stability_imputed,gov_effectiveness_imputed,0.7187780994190567
political_stability,gov_effectiveness_imputed,0.7185676241080733
political_stability_z,gov_effectiveness_imputed,0.7185676241080721
external_debt_usd_ln,current_account_balance_usd_ln_safe,0.7124764971280055
current_account_balance_usd_ln_safe,external_debt_usd_ln_safe,0.7124764971280055
current_account_balance_usd_ln,external_debt_usd_ln_safe,0.7124764971280049
external_debt_usd_ln,current_account_balance_usd_ln,0.7124764971280049
voice_accountability_imputed,political_stability_imputed,0.6987485798302846
gov_effectiveness,gdp_per_capita_usd_lag1,0.6937605213209189
gov_effectiveness_z,gdp_per_capita_usd_lag1,0.6937605213209178
gov_effectiveness,gdp_per_capita_usd,0.6931182017687357
gdp_per_capita_usd,gov_effectiveness_z,0.6931182017687352
voice_accountability_z,political_stability_imputed,0.6918956297774538
voice_accountability,political_stability_imputed,0.6918956297774537
political_stability,voice_accountability_imputed,0.6911960996077653
political_stability_z,voice_accountability_imputed,0.691196099607762
gdp_per_capita_usd_lag1,gov_effectiveness_imputed,0.6906552017484239
voice_accountability_z,political_stability_z,0.6894837695799305
voice_accountability,political_stability,0.6894837695799294
political_stability,voice_accountability_z,0.6894837695799277
voice_accountability,political_stability_z,0.6894837695799259
gdp_per_capita_usd,gov_effectiveness_imputed,0.6891640584462452
control_corruption,gdp_per_capita_usd_lag1,0.67955758040366
control_corruption_z,gdp_per_capita_usd_lag1,0.6795575804036558
gdp_per_capita_usd,control_corruption_z,0.6782669100612629
control_corruption,gdp_per_capita_usd,0.6782669100612619
gdp_per_capita_usd_lag1,control_corruption_imputed,0.670738323043267
gdp_per_capita_usd,control_corruption_imputed,0.668471439064417
political_stability,reg_quality,0.668062209772967
political_stability_z,reg_quality_z,0.6680622097729666
political_stability,reg_quality_z,0.6680622097729663
reg_quality,political_stability_z,0.6680622097729662
reg_quality,political_stability_imputed,0.6680386834099549
reg_quality_z,political_stability_imputed,0.6680386834099526
political_stability_z,reg_quality_imputed,0.6644908164585319
political_stability,reg_quality_imputed,0.6644908164585306
political_stability_imputed,reg_quality_imputed,0.6636458929753736
reg_quality,gdp_per_capita_usd_lag1,0.6584396359276325
reg_quality_z,gdp_per_capita_usd_lag1,0.658439635927631
reg_quality,gdp_per_capita_usd,0.6578766169965842
gdp_per_capita_usd,reg_quality_z,0.6578766169965825
gdp_per_capita_usd_ln,political_stability_z,0.6508006348136677
political_stability,gdp_per_capita_usd_ln,0.6508006348136652
gov_index_zmean_lag1,gdp_per_capita_usd_lag1,0.6486485760151043
gdp_per_capita_usd_ln,political_stability_imputed,0.6476272674904585
gdp_per_capita_usd_lag1,reg_quality_imputed,0.6473959443360396
gov_index_zmean,gdp_per_capita_usd_lag1,0.6469303542364068
gdp_per_capita_usd,reg_quality_imputed,0.6460646762915168
gdp_per_capita_usd,gov_index_zmean_lag1,0.6448652397763981
rule_of_law_z,gdp_per_capita_usd_lag1,0.6437833153588568
rule_of_law,gdp_per_capita_usd_lag1,0.6437833153588537
gdp_per_capita_usd,gov_index_zmean,0.6436767429829482
gdp_per_capita_usd_lag1,rule_of_law_imputed,0.642501506880307
gdp_per_capita_usd,rule_of_law_z,0.6406172155457085
rule_of_law,gdp_per_capita_usd,0.6406172155457077
gdp_per_capita_usd,rule_of_law_imputed,0.6392065540985631
total_reserves_usd,gdp_usd,0.6388785267914793
total_reserves_usd,gdp_usd_lag1,0.6333286882731796
gdp_per_capita_usd_ln,voice_accountability_imputed,0.6162640868083729
voice_accountability,gdp_per_capita_usd_ln,0.613509635334454
gdp_per_capita_usd_ln,voice_accountability_z,0.6135096353344531
total_reserves_usd,exports_usd,0.596025484196516
current_account_balance_usd,current_account_balance_usd_ln,0.5786580100821106
current_account_balance_usd,current_account_balance_usd_ln_safe,0.5786580100821104
total_reserves_usd,imports_usd,0.5756671221496107
external_debt_usd,imports_usd_ln,0.5621839464517274
external_debt_usd,imports_usd_ln_safe,0.5621839464517273
gov_effectiveness_z,exports_usd_ln_safe,0.5526853388731912
exports_usd_ln,gov_effectiveness_z,0.5526853388731909
gov_effectiveness,exports_usd_ln,0.552685338873189
gov_effectiveness,exports_usd_ln_safe,0.5526853388731887
gdp_usd,imports_usd_ln,0.5473284514132292
gdp_usd,imports_usd_ln_safe,0.5473284514132291
gov_effectiveness_imputed,exports_usd_ln_safe,0.5465445862247738
exports_usd_ln,gov_effectiveness_imputed,0.5465445862247736
gdp_usd_lag1,imports_usd_ln_safe,0.5463306680576034
imports_usd_ln,gdp_usd_lag1,0.5463306680576033
imports_usd,external_debt_usd_ln,0.5448401793423643
imports_usd,external_debt_usd_ln_safe,0.5448401793423643
exports_usd,imports_usd_ln,0.5447095416693014
exports_usd,imports_usd_ln_safe,0.5447095416693012
imports_usd,imports_usd_ln,0.542551921595331
imports_usd,imports_usd_ln_safe,0.5425519215953309
external_debt_usd,exports_usd_ln_safe,0.5418093265518206
external_debt_usd,exports_usd_ln,0.5418093265518206
reg_quality_z,exports_usd_ln_safe,0.5410348874140252
exports_usd_ln,reg_quality_z,0.541034887414025
reg_quality,exports_usd_ln_safe,0.541034887414025
reg_quality,exports_usd_ln,0.5410348874140248
external_debt_usd,gdp_usd_ln,0.5406848198624773
external_debt_usd,gdp_usd_ln_safe,0.5406848198624771
exports_usd,external_debt_usd_ln,0.5390230207432156
exports_usd,external_debt_usd_ln_safe,0.5390230207432155
exports_usd,gdp_usd_ln,0.5383667868127061
exports_usd,gdp_usd_ln_safe,0.5383667868127061
imports_usd_ln,gov_effectiveness_z,0.5379574498980042
gov_effectiveness_z,imports_usd_ln_safe,0.5379574498980041
gov_effectiveness,imports_usd_ln_safe,0.5379574498980018
gov_effectiveness,imports_usd_ln,0.5379574498980018
exports_usd_ln,reg_quality_imputed,0.5370505299658282
reg_quality_imputed,exports_usd_ln_safe,0.537050529965828
imports_usd,gdp_usd_ln_safe,0.5365021841002706
imports_usd,gdp_usd_ln,0.5365021841002704
external_debt_usd,external_debt_usd_ln_safe,0.5329769673355943
external_debt_usd,external_debt_usd_ln,0.5329769673355942
gov_effectiveness_imputed,imports_usd_ln_safe,0.532452306137626
imports_usd_ln,gov_effectiveness_imputed,0.5324523061376257
fdi_inflow_usd,external_debt_usd_ln,0.5322799294608526
fdi_inflow_usd,external_debt_usd_ln_safe,0.5322799294608522
reg_quality_z,imports_usd_ln_safe,0.5310135265656265
imports_usd_ln,reg_quality_z,0.5310135265656265
reg_quality,imports_usd_ln,0.5310135265656261
reg_quality,imports_usd_ln_safe,0.5310135265656258
gdp_usd,gdp_usd_ln_safe,0.5304370344259552
gdp_usd,gdp_usd_ln,0.5304370344259551
gdp_usd_lag1,gdp_usd_ln_safe,0.5299660910600428
gdp_usd_ln,gdp_usd_lag1,0.5299660910600427
imports_usd_ln,reg_quality_imputed,0.526994168668201
reg_quality_imputed,imports_usd_ln_safe,0.5269941686682006
gdp_usd,exports_usd_ln_safe,0.5246041108086591
gdp_usd,exports_usd_ln,0.524604110808659
gdp_usd_lag1,exports_usd_ln_safe,0.5235528018096519
exports_usd_ln,gdp_usd_lag1,0.5235528018096518
exports_usd,exports_usd_ln_safe,0.5216579510023011
exports_usd,exports_usd_ln,0.521657951002301
imports_usd,exports_usd_ln,0.5211168303077687
imports_usd,exports_usd_ln_safe,0.5211168303077686
fdi_inflow_usd_ln,gov_effectiveness_z,0.5204169933976925
gov_effectiveness_z,fdi_inflow_usd_ln_safe,0.5204169933976923
gov_effectiveness,fdi_inflow_usd_ln,0.5204169933976894
gov_effectiveness,fdi_inflow_usd_ln_safe,0.5204169933976893
fdi_inflow_usd_ln,reg_quality_z,0.5199819834295921
reg_quality_z,fdi_inflow_usd_ln_safe,0.5199819834295918
reg_quality,fdi_inflow_usd_ln,0.5199819834295895
reg_quality,fdi_inflow_usd_ln_safe,0.5199819834295888
external_debt_usd,total_reserves_usd_ln,0.5185471657015311
external_debt_usd,total_reserves_usd_ln_safe,0.5185471657015311
external_debt_usd_ln,gdp_usd_lag1,0.5177952448592495
gdp_usd_lag1,external_debt_usd_ln_safe,0.5177952448592493
current_account_balance_usd,external_debt_usd,0.5174026375164045
gdp_usd,external_debt_usd_ln_safe,0.517362484643924
gdp_usd,external_debt_usd_ln,0.5173624846439239
reg_quality_imputed,fdi_inflow_usd_ln_safe,0.514692568931514
fdi_inflow_usd_ln,reg_quality_imputed,0.5146925689315138
fdi_inflow_usd_ln,gov_effectiveness_imputed,0.5135107797631105
gov_effectiveness_imputed,fdi_inflow_usd_ln_safe,0.5135107797631104
fdi_inflow_usd,imports_usd_ln_safe,0.5129584009135171
fdi_inflow_usd,imports_usd_ln,0.5129584009135171
exports_usd,fdi_inflow_usd_ln,0.50565639248562
exports_usd,fdi_inflow_usd_ln_safe,0.5056563924856199
imports_usd,fdi_inflow_usd_ln,0.5046029572987669
imports_usd,fdi_inflow_usd_ln_safe,0.5046029572987667
external_debt_usd,fdi_inflow_usd_ln_safe,0.5019976491158851
external_debt_usd,fdi_inflow_usd_ln,0.5019976491158851
fdi_inflow_usd,fdi_inflow_usd_ln,0.4997459027066375
fdi_inflow_usd,fdi_inflow_usd_ln_safe,0.49974590270663743
gdp_usd,fdi_inflow_usd_ln,0.49935481478731053
gdp_usd,fdi_inflow_usd_ln_safe,0.49935481478731053
gdp_usd_lag1,fdi_inflow_usd_ln_safe,0.4982737992232988
fdi_inflow_usd_ln,gdp_usd_lag1,0.4982737992232988
gdp_per_capita_usd_ln,total_reserves_usd_ln_safe,0.4969456364002517
gdp_per_capita_usd_ln,total_reserves_usd_ln,0.49694563640025163
fdi_inflow_usd,exports_usd_ln_safe,0.4933326051691629
fdi_inflow_usd,exports_usd_ln,0.49333260516916283
fdi_inflow_usd,gdp_usd_ln,0.4928527482053642
fdi_inflow_usd,gdp_usd_ln_safe,0.4928527482053639
political_stability_z,gdp_per_capita_usd_lag1,0.48703933835548785
political_stability,gdp_per_capita_usd_lag1,0.48703933835548635
gdp_per_capita_usd_lag1,political_stability_imputed,0.48661510814704434
political_stability,gdp_per_capita_usd,0.4865944776495301
gdp_per_capita_usd,political_stability_z,0.486594477649529
gdp_per_capita_usd,political_stability_imputed,0.4852180510159821
gdp_per_capita_usd_lag1,voice_accountability_imputed,0.4725051701722431
gdp_per_capita_usd,voice_accountability_imputed,0.4721893679081442
voice_accountability_z,gdp_per_capita_usd_lag1,0.46914221986841104
voice_accountability,gdp_per_capita_usd_lag1,0.469142219868411
voice_accountability,gdp_per_capita_usd,0.4689426775172166
gdp_per_capita_usd,voice_accountability_z,0.4689426775172124
gdp_per_capita_usd_ln,current_account_balance_usd_ln,0.4667814583965699
gdp_per_capita_usd_ln,current_account_balance_usd_ln_safe,0.46678145839656987
external_debt_usd,current_account_balance_usd_ln,0.4585513426417964
external_debt_usd,current_account_balance_usd_ln_safe,0.45855134264179637
total_reserves_usd,total_reserves_usd_ln,0.45830740529751557
total_reserves_usd,total_reserves_usd_ln_safe,0.45830740529751557
reg_quality,avg_tariff_rate_manufactured_pct,0.456605360573568
avg_tariff_rate_manufactured_pct,reg_quality_z,0.4566053605735671
avg_tariff_rate_manufactured_pct,reg_quality_imputed,0.45589349596039086
exports_usd,total_reserves_usd_ln_safe,0.45423658567921416
exports_usd,total_reserves_usd_ln,0.45423658567921416
imports_usd,total_reserves_usd_ln,0.45295724011260885
imports_usd,total_reserves_usd_ln_safe,0.45295724011260885
exports_usd,current_account_balance_usd_ln_safe,0.4501634729827872
exports_usd,current_account_balance_usd_ln,0.4501634729827872
avg_tariff_rate_manufactured_pct,gdp_per_capita_usd_ln,0.4354192873655623
imports_usd,current_account_balance_usd_ln_safe,0.4348826745652858
imports_usd,current_account_balance_usd_ln,0.4348826745652858
gdp_per_capita_usd_ln,exports_usd_ln_safe,0.4307912525614508
gdp_per_capita_usd_ln,exports_usd_ln,0.43079125256145073
gdp_usd_lag1,current_account_balance_usd_ln_safe,0.4266547192699743
current_account_balance_usd_ln,gdp_usd_lag1,0.42665471926997417
gdp_usd,current_account_balance_usd_ln_safe,0.4257186219916789
gdp_usd,current_account_balance_usd_ln,0.4257186219916788
avg_tariff_rate_manufactured_pct,fdi_inflow_usd_ln_safe,0.42532000070066467
avg_tariff_rate_manufactured_pct,fdi_inflow_usd_ln,0.4253200007006646
total_reserves_usd,gdp_usd_ln_safe,0.42364648610672484
total_reserves_usd,gdp_usd_ln,0.42364648610672484
total_reserves_usd,current_account_balance_usd_ln_safe,0.4224739396404883
total_reserves_usd,current_account_balance_usd_ln,0.42247393964048824
gov_effectiveness_imputed,current_account_balance_usd_ln_safe,0.4218424705766847
current_account_balance_usd_ln,gov_effectiveness_imputed,0.4218424705766847
current_account_balance_usd_ln,gov_effectiveness_z,0.421517844584105
gov_effectiveness_z,current_account_balance_usd_ln_safe,0.42151784458410485
gov_effectiveness,current_account_balance_usd_ln_safe,0.42151784458410474
gov_effectiveness,current_account_balance_usd_ln,0.4215178445841047
avg_tariff_rate_manufactured_pct,imports_usd_ln_safe,0.42074947836232357
avg_tariff_rate_manufactured_pct,imports_usd_ln,0.42074947836232346
total_reserves_usd_ln,gdp_usd_lag1,0.4175095309225055
gdp_usd_lag1,total_reserves_usd_ln_safe,0.4175095309225055
total_reserves_usd,imports_usd_ln,0.4171196530310478
total_reserves_usd,imports_usd_ln_safe,0.4171196530310478
gdp_usd,total_reserves_usd_ln_safe,0.4155157228591413
gdp_usd,total_reserves_usd_ln,0.4155157228591412
avg_tariff_rate_manufactured_pct,exports_usd_ln,0.41316664955669513
avg_tariff_rate_manufactured_pct,exports_usd_ln_safe,0.4131666495566949
inflation_consumer_prices_pct,gdp_deflator_index,0.41253730988440357
gov_effectiveness,avg_tariff_rate_manufactured_pct,0.4121777434605247
avg_tariff_rate_manufactured_pct,gov_effectiveness_z,0.4121777434605245
gov_effectiveness,total_reserves_usd_ln_safe,0.4119600728970737
gov_effectiveness,total_reserves_usd_ln,0.4119600728970737
total_reserves_usd_ln,gov_effectiveness_z,0.41196007289707326
gov_effectiveness_z,total_reserves_usd_ln_safe,0.411960072897073
avg_tariff_rate_manufactured_pct,gov_effectiveness_imputed,0.4108249175252693
reg_quality,total_reserves_usd_ln_safe,0.4091317612972206
reg_quality,total_reserves_usd_ln,0.40913176129722056
total_reserves_usd_ln,reg_quality_z,0.40913176129721973
reg_quality_z,total_reserves_usd_ln_safe,0.4091317612972197
total_reserves_usd_ln,reg_quality_imputed,0.4038872554975408
reg_quality_imputed,total_reserves_usd_ln_safe,0.4038872554975406
gdp_per_capita_usd_ln,fdi_inflow_usd_ln_safe,0.40279230761279533
gdp_per_capita_usd_ln,fdi_inflow_usd_ln,0.4027923076127953
total_reserves_usd_ln,gov_effectiveness_imputed,0.3997525620063153
gov_effectiveness_imputed,total_reserves_usd_ln_safe,0.39975256200631526
total_reserves_usd,exports_usd_ln,0.3996247028826744
total_reserves_usd,exports_usd_ln_safe,0.39962470288267427
avg_tariff_rate_manufactured_pct,total_reserves_usd_ln_safe,0.3987858633561316
avg_tariff_rate_manufactured_pct,total_reserves_usd_ln,0.3987858633561313
rule_of_law_z,exports_usd_ln_safe,0.3950688173537832
exports_usd_ln,rule_of_law_z,0.39506881735378313
rule_of_law,exports_usd_ln,0.3950688173537817
rule_of_law,exports_usd_ln_safe,0.39506881735378163
reg_quality_imputed,current_account_balance_usd_ln_safe,0.3943116770937952
current_account_balance_usd_ln,reg_quality_imputed,0.3943116770937951
reg_quality,current_account_balance_usd_ln,0.39424201493095495
reg_quality,current_account_balance_usd_ln_safe,0.3942420149309549
current_account_balance_usd_ln,reg_quality_z,0.3942420149309547
reg_quality_z,current_account_balance_usd_ln_safe,0.3942420149309547
exports_usd_ln,gov_index_zmean_lag1,0.394221563221978
gov_index_zmean_lag1,exports_usd_ln_safe,0.3942215632219779
avg_tariff_rate_manufactured_pct,gov_index_zmean,0.3929961189709445
exports_usd_ln,rule_of_law_imputed,0.3926155120446554
rule_of_law_imputed,exports_usd_ln_safe,0.39261551204465533
exports_usd_ln,gov_index_zmean,0.39216599504604865
gov_index_zmean,exports_usd_ln_safe,0.39216599504604854
control_corruption_z,exports_usd_ln_safe,0.3920005744133174
exports_usd_ln,control_corruption_z,0.3920005744133172
control_corruption,exports_usd_ln_safe,0.3920005744133168
control_corruption,exports_usd_ln,0.39200057441331676
avg_tariff_rate_manufactured_pct,gov_index_zmean_lag1,0.3894156335956647
exports_usd,gov_effectiveness_z,0.38938894032027865
gov_effectiveness,exports_usd,0.38938894032027743
rule_of_law,imports_usd_ln_safe,0.38804247224966765
rule_of_law,imports_usd_ln,0.3880424722496676
imports_usd_ln,rule_of_law_z,0.38804247224966726
rule_of_law_z,imports_usd_ln_safe,0.38804247224966715
avg_tariff_rate_manufactured_pct,gdp_usd_ln,0.3874677008587124
avg_tariff_rate_manufactured_pct,gdp_usd_ln_safe,0.3874677008587124
avg_tariff_rate_manufactured_pct,rule_of_law_imputed,0.3867219583913177
gdp_per_capita_usd_ln,imports_usd_ln_safe,0.3866265687164816
gdp_per_capita_usd_ln,imports_usd_ln,0.38662656871648154
fdi_inflow_usd,total_reserves_usd,0.3864903504876357
control_corruption_imputed,exports_usd_ln_safe,0.3859955965031969
exports_usd_ln,control_corruption_imputed,0.38599559650319665
imports_usd_ln,rule_of_law_imputed,0.385776791711076
rule_of_law_imputed,imports_usd_ln_safe,0.38577679171107593
gdp_per_capita_usd,current_account_balance_usd_ln_safe,0.385235613727246
gdp_per_capita_usd,current_account_balance_usd_ln,0.3852356137272459
rule_of_law,avg_tariff_rate_manufactured_pct,0.38360477737078263
avg_tariff_rate_manufactured_pct,rule_of_law_z,0.3836047773707824
exports_usd,gov_effectiveness_imputed,0.3836036752022095
imports_usd_ln,control_corruption_z,0.3835663393651048
control_corruption_z,imports_usd_ln_safe,0.3835663393651047
control_corruption,imports_usd_ln_safe,0.38356633936510415
control_corruption,imports_usd_ln,0.3835663393651041
imports_usd_ln,gov_index_zmean_lag1,0.3828560112678367
gov_index_zmean_lag1,imports_usd_ln_safe,0.38285601126783664
gov_index_zmean,imports_usd_ln_safe,0.38120632999848836
imports_usd_ln,gov_index_zmean,0.38120632999848825
rule_of_law_imputed,fdi_inflow_usd_ln_safe,0.3796871361433924
fdi_inflow_usd_ln,rule_of_law_imputed,0.37968713614339206
rule_of_law,fdi_inflow_usd_ln_safe,0.3795487524229403
fdi_inflow_usd_ln,rule_of_law_z,0.37954875242294
rule_of_law,fdi_inflow_usd_ln,0.37954875242293995
rule_of_law_z,fdi_inflow_usd_ln_safe,0.37954875242293973
gdp_per_capita_usd,total_reserves_usd_ln,0.37927044962119955
gdp_per_capita_usd,total_reserves_usd_ln_safe,0.37927044962119943
gdp_per_capita_usd_lag1,current_account_balance_usd_ln_safe,0.3786183467273971
current_account_balance_usd_ln,gdp_per_capita_usd_lag1,0.378618346727397
imports_usd_ln,control_corruption_imputed,0.3784270265043725
control_corruption_imputed,imports_usd_ln_safe,0.37842702650437243
fdi_inflow_usd_ln,gov_index_zmean,0.377637405957062
gov_index_zmean,fdi_inflow_usd_ln_safe,0.3776374059570615
gdp_usd_ln,reg_quality_z,0.37699088383615864
reg_quality_z,gdp_usd_ln_safe,0.3769908838361586
reg_quality,gdp_usd_ln,0.3769908838361578
reg_quality,gdp_usd_ln_safe,0.37699088383615775
gov_index_zmean_lag1,fdi_inflow_usd_ln_safe,0.3755532191006953
fdi_inflow_usd_ln,gov_index_zmean_lag1,0.3755532191006953
total_reserves_usd_ln,gdp_per_capita_usd_lag1,0.37501074869101303
gdp_per_capita_usd_lag1,total_reserves_usd_ln_safe,0.37501074869101303
gov_effectiveness,gdp_usd_ln,0.3726430044889986
gov_effectiveness,gdp_usd_ln_safe,0.3726430044889985
gov_effectiveness_z,gdp_usd_ln_safe,0.37264300448899795
gdp_usd_ln,gov_effectiveness_z,0.37264300448899795
imports_usd,gov_effectiveness_z,0.3697404226097426
gov_effectiveness,imports_usd,0.36974042260974194
reg_quality_imputed,gdp_usd_ln_safe,0.3662115594091368
gdp_usd_ln,reg_quality_imputed,0.36621155940913674
control_corruption,fdi_inflow_usd_ln,0.3652818973101593
control_corruption,fdi_inflow_usd_ln_safe,0.36528189731015903
fdi_inflow_usd_ln,control_corruption_z,0.3652818973101578
control_corruption_z,fdi_inflow_usd_ln_safe,0.3652818973101575
imports_usd,gov_effectiveness_imputed,0.3644651504564507
fdi_inflow_usd_ln,control_corruption_imputed,0.35798190182341927
control_corruption_imputed,fdi_inflow_usd_ln_safe,0.35798190182341916
gov_effectiveness_imputed,gdp_usd_ln_safe,0.35215516942768216
gdp_usd_ln,gov_effectiveness_imputed,0.35215516942768216
total_reserves_usd,fdi_inflow_usd_ln_safe,0.35105492537965094
total_reserves_usd,fdi_inflow_usd_ln,0.3510549253796508
reg_quality,exports_usd,0.3493599955252638
exports_usd,reg_quality_z,0.3493599955252628
exports_usd,reg_quality_imputed,0.3442890330059701
avg_tariff_rate_manufactured_pct,control_corruption_imputed,0.344042475216517
control_corruption,avg_tariff_rate_manufactured_pct,0.34287373516452624
avg_tariff_rate_manufactured_pct,control_corruption_z,0.34287373516452524
gov_effectiveness,central_government_debt_pct_gdp,0.3410655583794191
central_government_debt_pct_gdp,gov_effectiveness_z,0.3410655583794186
rule_of_law,exports_usd,0.33727563568344626
exports_usd,rule_of_law_z,0.3372756356834455
reg_quality,imports_usd,0.33542103168328974
imports_usd,reg_quality_z,0.33542103168328863
exports_usd,control_corruption_z,0.3315689346665564
control_corruption,exports_usd,0.3315689346665557
exports_usd,rule_of_law_imputed,0.33117782286067454
imports_usd,reg_quality_imputed,0.3306519348323171
rule_of_law,central_government_debt_pct_gdp,0.32730599062375776
central_government_debt_pct_gdp,rule_of_law_z,0.32730599062375776
trade_exposure,avg_tariff_rate_manufactured_pct,0.3272370296496695
exports_usd,control_corruption_imputed,0.32665966000839264
rule_of_law,imports_usd,0.32511171870764527
imports_usd,rule_of_law_z,0.325111718707645
fdi_inflow_usd,total_reserves_usd_ln_safe,0.32240337506986705
fdi_inflow_usd,total_reserves_usd_ln,0.32240337506986705
central_government_debt_pct_gdp,gov_effectiveness_imputed,0.32087415317728724
imports_usd,rule_of_law_imputed,0.3193695404798808
total_reserves_usd,external_debt_usd_ln_safe,0.3185508124784233
total_reserves_usd,external_debt_usd_ln,0.3185508124784232
control_corruption,current_account_balance_usd_ln_safe,0.3169684023267515
control_corruption,current_account_balance_usd_ln,0.3169684023267515
control_corruption_z,current_account_balance_usd_ln_safe,0.3169684023267513
current_account_balance_usd_ln,control_corruption_z,0.3169684023267513
current_account_balance_usd_ln,control_corruption_imputed,0.31654997034922555
control_corruption_imputed,current_account_balance_usd_ln_safe,0.31654997034922544
central_government_debt_pct_gdp,rule_of_law_imputed,0.3158674325484584
control_corruption,imports_usd,0.3151343840481755
imports_usd,control_corruption_z,0.31513438404817445
exports_usd,gov_index_zmean,0.315070751852028
central_government_debt_pct_gdp,gov_index_zmean,0.3150470015046084
central_government_debt_pct_gdp,reg_quality_z,0.31487731544666087
reg_quality,central_government_debt_pct_gdp,0.3148773154466608
gdp_per_capita_usd,avg_tariff_rate_manufactured_pct,0.31464916916660113
inflation_gdp_deflator_pct,gdp_deflator_index,0.31441446875285584
avg_tariff_rate_manufactured_pct,voice_accountability_z,0.3142544377248723
voice_accountability,avg_tariff_rate_manufactured_pct,0.31425443772486944
central_government_debt_pct_gdp,gov_index_zmean_lag1,0.31335585954300404
exports_usd,gov_index_zmean_lag1,0.3125014425744755
imports_usd,control_corruption_imputed,0.31054593176380696
gdp_per_capita_usd,exports_usd_ln,0.3099363418601193
gdp_per_capita_usd,exports_usd_ln_safe,0.30993634186011926
avg_tariff_rate_manufactured_pct,voice_accountability_imputed,0.3097442512137349
current_account_balance_usd_ln,rule_of_law_imputed,0.308511730370176
rule_of_law_imputed,current_account_balance_usd_ln_safe,0.3085117303701759
rule_of_law_z,current_account_balance_usd_ln_safe,0.3071847564080416
rule_of_law,current_account_balance_usd_ln,0.3071847564080416
current_account_balance_usd_ln,rule_of_law_z,0.30718475640804155
rule_of_law,current_account_balance_usd_ln_safe,0.3071847564080415
avg_tariff_rate_manufactured_pct,gdp_per_capita_usd_lag1,0.3060957296927392
political_stability_imputed,external_debt_usd_ln_safe,0.3049795768526804
external_debt_usd_ln,political_stability_imputed,0.30497957685268023
control_corruption,central_government_debt_pct_gdp,0.3039109272247171
central_government_debt_pct_gdp,control_corruption_z,0.3039109272247169
gdp_per_capita_usd_lag1,exports_usd_ln_safe,0.3037861232930286
exports_usd_ln,gdp_per_capita_usd_lag1,0.30378612329302845
central_government_debt_pct_gdp,reg_quality_imputed,0.3036229424044142
imports_usd,gov_index_zmean,0.3025627066297868
imports_usd,gov_index_zmean_lag1,0.3002378844528492
political_stability_z,external_debt_usd_ln_safe,0.2984661700392005
external_debt_usd_ln,political_stability_z,0.2984661700392005
political_stability,external_debt_usd_ln_safe,0.2984661700392001
political_stability,external_debt_usd_ln,0.29846617003920006
avg_tariff_rate_manufactured_pct,current_account_balance_usd_ln,0.29802983901689983
avg_tariff_rate_manufactured_pct,current_account_balance_usd_ln_safe,0.29802983901689967
trade_exposure,reg_quality_z,0.29782947168682833
reg_quality,trade_exposure,0.29782947168682805
total_reserves_usd_ln,rule_of_law_imputed,0.29740475184532195
rule_of_law_imputed,total_reserves_usd_ln_safe,0.2974047518453217
rule_of_law_z,total_reserves_usd_ln_safe,0.2973873330530858
total_reserves_usd_ln,rule_of_law_z,0.29738733305308546
rule_of_law,total_reserves_usd_ln,0.29738733305308535
rule_of_law,total_reserves_usd_ln_safe,0.2973873330530853
gov_effectiveness,trade_exposure,0.2972830471126483
trade_exposure,gov_effectiveness_z,0.2972830471126481
gdp_per_capita_usd,fdi_inflow_usd_ln,0.29464945984432306
gdp_per_capita_usd,fdi_inflow_usd_ln_safe,0.2946494598443229
gdp_per_capita_usd_ln,external_debt_usd_ln,0.2917448957689228
gdp_per_capita_usd_ln,external_debt_usd_ln_safe,0.2917448957689228
trade_exposure,reg_quality_imputed,0.2895442582261931
fdi_inflow_usd_ln,gdp_per_capita_usd_lag1,0.2883815314382813
gdp_per_capita_usd_lag1,fdi_inflow_usd_ln_safe,0.2883815314382812
gov_index_zmean_lag1,current_account_balance_usd_ln_safe,0.28770589800327995
current_account_balance_usd_ln,gov_index_zmean_lag1,0.28770589800327984
central_government_debt_pct_gdp,control_corruption_imputed,0.2874181269436127
central_government_debt_pct_gdp,gdp_per_capita_usd_lag1,0.28659336231449206
avg_tariff_rate_manufactured_pct,political_stability_imputed,0.285808947623715
fdi_inflow_usd,current_account_balance_usd_ln_safe,0.283779686864857
fdi_inflow_usd,current_account_balance_usd_ln,0.28377968686485683
current_account_balance_usd_ln,gov_index_zmean,0.2830535345235228
gov_index_zmean,current_account_balance_usd_ln_safe,0.2830535345235227
political_stability,avg_tariff_rate_manufactured_pct,0.28225961254087695
avg_tariff_rate_manufactured_pct,political_stability_z,0.2822596125408766
trade_exposure,gov_effectiveness_imputed,0.27933459081360834
current_account_balance_usd,total_reserves_usd,0.2765371154749497
gdp_per_capita_usd,imports_usd_ln_safe,0.2750610629308516
gdp_per_capita_usd,imports_usd_ln,0.27506106293085153
gov_effectiveness,fdi_inflow_usd,0.2742413319394962
fdi_inflow_usd,gov_effectiveness_z,0.27424133193949507
fdi_inflow_usd,gov_effectiveness_imputed,0.27384046380561927
central_government_debt_pct_gdp,gdp_per_capita_usd,0.27375732600437813
trade_exposure,gov_index_zmean_lag1,0.2733690835524969
gov_index_zmean,total_reserves_usd_ln_safe,0.2722468411072305
total_reserves_usd_ln,gov_index_zmean,0.2722468411072305
external_debt_usd_ln,gdp_per_capita_usd_lag1,0.27047217401523427
gdp_per_capita_usd_lag1,external_debt_usd_ln_safe,0.2704721740152342
gdp_per_capita_usd,external_debt_usd_ln_safe,0.270319438377134
gdp_per_capita_usd,external_debt_usd_ln,0.27031943837713396
government_final_consumption_pct_gdp,political_stability_imputed,0.2694782009171265
imports_usd_ln,gdp_per_capita_usd_lag1,0.2690179862685858
gdp_per_capita_usd_lag1,imports_usd_ln_safe,0.2690179862685858
total_reserves_usd_ln,gov_index_zmean_lag1,0.2678671910597024
gov_index_zmean_lag1,total_reserves_usd_ln_safe,0.2678671910597023
political_stability,government_final_consumption_pct_gdp,0.2654004081557192
government_final_consumption_pct_gdp,political_stability_z,0.26540040815571864
trade_exposure,rule_of_law_z,0.2638375948239684
rule_of_law,trade_exposure,0.26383759482396785
trade_exposure,rule_of_law_imputed,0.2627236456249878
carbon_intensity_gdp,total_reserves_usd_ln,0.26170105695423096
carbon_intensity_gdp,total_reserves_usd_ln_safe,0.2617010569542309
current_account_balance_usd,gdp_usd,0.2604302521748123
fdi_inflow_usd,reg_quality_imputed,0.2600550791723359
reg_quality,fdi_inflow_usd,0.25993297116268527
fdi_inflow_usd,reg_quality_z,0.25993297116268516
control_corruption_z,total_reserves_usd_ln_safe,0.25969304773861795
total_reserves_usd_ln,control_corruption_z,0.2596930477386177
control_corruption,total_reserves_usd_ln,0.25969304773861696
control_corruption,total_reserves_usd_ln_safe,0.2596930477386169
trade_exposure,gov_index_zmean,0.25922887186124594
central_government_debt_pct_gdp,voice_accountability_z,0.25897072307540003
voice_accountability,central_government_debt_pct_gdp,0.25897072307539964
voice_accountability,government_final_consumption_pct_gdp,0.2588689610056882
government_final_consumption_pct_gdp,voice_accountability_z,0.2588689610056879
trade_exposure,control_corruption_z,0.25709646255610974
control_corruption,trade_exposure,0.25709646255610913
government_final_consumption_pct_gdp,voice_accountability_imputed,0.2558941832434995
current_account_balance_usd,gdp_usd_lag1,0.2521224995900185
central_government_debt_pct_gdp,voice_accountability_imputed,0.25127319608702897
total_reserves_usd_ln,control_corruption_imputed,0.2506370368235207
control_corruption_imputed,total_reserves_usd_ln_safe,0.25063703682352056
fdi_inflow_usd,central_government_debt_pct_gdp,0.2486443153697511
fdi_inflow_usd,rule_of_law_z,0.24709923770410763
rule_of_law,fdi_inflow_usd,0.2470992377041074
fdi_inflow_usd,rule_of_law_imputed,0.24675497350892758
central_government_debt_pct_gdp,imports_usd,0.24634868180366398
political_stability,trade_exposure,0.24301504156285167
trade_exposure,political_stability_z,0.2430150415628514
fdi_inflow_usd,control_corruption_z,0.24244870443869998
control_corruption,fdi_inflow_usd,0.24244870443869876
fdi_inflow_usd,control_corruption_imputed,0.24184832464758263
central_government_debt_pct_gdp,exports_usd,0.24172313351856853
gdp_usd_ln,gdp_per_capita_usd_ln,0.24097015753596784
gdp_per_capita_usd_ln,gdp_usd_ln_safe,0.2409701575359678
control_corruption,government_final_consumption_pct_gdp,0.2406698876424733
government_final_consumption_pct_gdp,control_corruption_z,0.2406698876424724
trade_exposure,control_corruption_imputed,0.24056523607478952
trade_exposure,gdp_per_capita_usd_ln,0.2397562220959588
government_final_consumption_pct_gdp,avg_tariff_rate_manufactured_pct,0.23880507222867375
carbon_intensity_gdp,external_debt_usd_ln_safe,0.23771523912910827
carbon_intensity_gdp,external_debt_usd_ln,0.23771523912910822
voice_accountability_imputed,fdi_inflow_usd_ln_safe,0.2369631442478481
fdi_inflow_usd_ln,voice_accountability_imputed,0.23696314424784806
fdi_inflow_usd_ln,voice_accountability_z,0.23591648630141868
voice_accountability_z,fdi_inflow_usd_ln_safe,0.23591648630141862
voice_accountability,fdi_inflow_usd_ln_safe,0.23591648630141793
voice_accountability,fdi_inflow_usd_ln,0.2359164863014178
imports_usd_ln,voice_accountability_z,0.23583763490639162
voice_accountability_z,imports_usd_ln_safe,0.2358376349063916
voice_accountability,imports_usd_ln_safe,0.23583763490639115
voice_accountability,imports_usd_ln,0.23583763490639112
avg_tariff_rate_manufactured_pct,external_debt_usd_ln_safe,0.23541122114594523
avg_tariff_rate_manufactured_pct,external_debt_usd_ln,0.2354112211459452
government_final_consumption_pct_gdp,control_corruption_imputed,0.23432866531464777
trade_exposure,political_stability_imputed,0.23269770046319832
voice_accountability_imputed,imports_usd_ln_safe,0.2307857125145759
imports_usd_ln,voice_accountability_imputed,0.23078571251457575
central_government_debt_pct_gdp,gdp_usd_lag1,0.2307386294853513
fdi_inflow_usd,gov_index_zmean_lag1,0.230426581176157
inflation_consumer_prices_pct,reg_quality_z,0.2304246506323639
reg_quality,inflation_consumer_prices_pct,0.23042465063236353
fdi_inflow_usd,gov_index_zmean,0.23010439410968472
inflation_consumer_prices_pct,reg_quality_imputed,0.2296167502861278
inflation_consumer_prices_pct,gov_index_zmean,0.22772968715000674
gov_effectiveness,external_debt_usd,0.22722389987512678
external_debt_usd,gov_effectiveness_z,0.22722389987512656
government_final_consumption_pct_gdp,rule_of_law_imputed,0.22509518424565905
inflation_consumer_prices_pct,gov_index_zmean_lag1,0.2238800458424666
government_final_consumption_pct_gdp,rule_of_law_z,0.22355310206625173
rule_of_law,government_final_consumption_pct_gdp,0.22355310206625154
inflation_consumer_prices_pct,gov_effectiveness_z,0.2233298424273071
gov_effectiveness,inflation_consumer_prices_pct,0.22332984242730639
central_government_debt_pct_gdp,gdp_usd,0.2231273768999804
voice_accountability,exports_usd_ln_safe,0.22312667773289716
voice_accountability,exports_usd_ln,0.22312667773289704
exports_usd_ln,voice_accountability_z,0.2231266777328968
voice_accountability_z,exports_usd_ln_safe,0.2231266777328967
external_debt_usd,gov_effectiveness_imputed,0.22290958523622814
inflation_consumer_prices_pct,gov_effectiveness_imputed,0.22204360976352974
control_corruption,gdp_usd_ln,0.22049249360080864
control_corruption,gdp_usd_ln_safe,0.22049249360080833
gdp_usd_ln,control_corruption_z,0.22049249360080772
control_corruption_z,gdp_usd_ln_safe,0.2204924936008076
gov_effectiveness_z,gdp_usd_lag1,0.22040079355759334
gov_effectiveness,gdp_usd_lag1,0.22040079355759332
government_final_consumption_pct_gdp,gov_index_zmean,0.21980930736844195
exports_usd_ln,voice_accountability_imputed,0.2193284892643997
voice_accountability_imputed,exports_usd_ln_safe,0.21932848926439968
government_final_consumption_pct_gdp,gov_index_zmean_lag1,0.21870031394142825
gov_effectiveness,gdp_usd,0.21810952810037235
gdp_usd,gov_effectiveness_z,0.21810952810037199
gdp_per_capita_usd,employment_ratio_pct,0.21741408807254847
employment_ratio_pct,gdp_per_capita_usd_lag1,0.21725772190118106
central_government_debt_pct_gdp,gdp_per_capita_usd_ln,0.21707018256662608
inflation_consumer_prices_pct,rule_of_law_z,0.21422678919630211
rule_of_law,inflation_consumer_prices_pct,0.2142267891963021
inflation_consumer_prices_pct,rule_of_law_imputed,0.21412790121370529
gov_effectiveness_z,external_debt_usd_ln_safe,0.21300942346754845
gov_effectiveness,external_debt_usd_ln_safe,0.2130094234675483
external_debt_usd_ln,gov_effectiveness_z,0.2130094234675482
gov_effectiveness,external_debt_usd_ln,0.2130094234675482
government_final_consumption_pct_gdp,gdp_usd_ln,0.21274468461142293
government_final_consumption_pct_gdp,gdp_usd_ln_safe,0.21274468461142282
gdp_usd_lag1,gov_effectiveness_imputed,0.21246382184824145
gdp_usd,gov_effectiveness_imputed,0.20993707729845196
inflation_consumer_prices_pct,political_stability_imputed,0.20887649844646425
political_stability,inflation_consumer_prices_pct,0.20818416718551414
inflation_consumer_prices_pct,political_stability_z,0.2081841671855137
employment_ratio_pct,current_account_balance_usd_ln_safe,0.20732171151655576
employment_ratio_pct,current_account_balance_usd_ln,0.20732171151655565
rule_of_law_z,gdp_usd_ln_safe,0.2061484044048667
gdp_usd_ln,rule_of_law_z,0.2061484044048667
rule_of_law,gdp_usd_ln_safe,0.20614840440486623
rule_of_law,gdp_usd_ln,0.2061484044048661
government_final_consumption_pct_gdp,external_debt_usd_ln_safe,0.2059295779889618
government_final_consumption_pct_gdp,external_debt_usd_ln,0.20592957798896175
imports_usd,voice_accountability_z,0.2043618266762121
voice_accountability,imports_usd,0.204361826676212
government_final_consumption_pct_gdp,exports_usd_ln_safe,0.20434366455185515
government_final_consumption_pct_gdp,exports_usd_ln,0.20434366455185513
government_final_consumption_pct_gdp,gdp_per_capita_usd_ln,0.20376044198497853
rule_of_law_imputed,gdp_usd_ln_safe,0.2031306391386456
gdp_usd_ln,rule_of_law_imputed,0.20313063913864557
inflation_consumer_prices_pct,control_corruption_imputed,0.20167976194326884
control_corruption_imputed,gdp_usd_ln_safe,0.20147033995147756
gdp_usd_ln,control_corruption_imputed,0.20147033995147748
inflation_consumer_prices_pct,control_corruption_z,0.20108391208020887
control_corruption,inflation_consumer_prices_pct,0.2010839120802087
imports_usd,gdp_per_capita_usd_ln,0.20093652379919713
exports_usd,gdp_per_capita_usd_ln,0.20005642191701306
imports_usd,voice_accountability_imputed,0.1985931700458116
gross_capital_formation_pct_gdp,gdp_growth_pct,0.19715542701668456
exports_usd,voice_accountability_z,0.19669786551475263
voice_accountability,exports_usd,0.19669786551475096
external_debt_usd_ln,gov_effectiveness_imputed,0.19331239442843345
gov_effectiveness_imputed,external_debt_usd_ln_safe,0.1933123944284334
reg_quality_z,gdp_usd_lag1,0.1928534299698328
reg_quality,gdp_usd_lag1,0.1928534299698324
fdi_inflow_usd,gdp_per_capita_usd_ln,0.19178708726325794
exports_usd,voice_accountability_imputed,0.19118231314664516
gdp_usd,reg_quality_z,0.1903915307550158
reg_quality,gdp_usd,0.1903915307550156
rule_of_law_z,gdp_usd_lag1,0.18898385713487187
rule_of_law,gdp_usd_lag1,0.18898385713487104
gdp_usd_lag1,reg_quality_imputed,0.1878834279867735
external_debt_usd,gdp_per_capita_usd_ln,0.18674652443008447
gdp_usd_ln,gov_index_zmean,0.1861010237455958
gov_index_zmean,gdp_usd_ln_safe,0.18610102374559578
gdp_usd_ln,gov_index_zmean_lag1,0.1860963986582031
gov_index_zmean_lag1,gdp_usd_ln_safe,0.18609639865820302
rule_of_law,gdp_usd,0.18591424778398483
gdp_usd,rule_of_law_z,0.18591424778398466
external_debt_usd,gdp_per_capita_usd,0.18564037903754252
gdp_usd,reg_quality_imputed,0.1852929179827275
gdp_usd_lag1,rule_of_law_imputed,0.1849301122731827
reg_quality,external_debt_usd_ln,0.1841527677581263
reg_quality,external_debt_usd_ln_safe,0.18415276775812614
reg_quality_z,external_debt_usd_ln_safe,0.18415276775812586
external_debt_usd_ln,reg_quality_z,0.1841527677581258
total_reserves_usd,gdp_per_capita_usd_ln,0.1833069889700494
external_debt_usd,gdp_per_capita_usd_lag1,0.1823707367191946
external_debt_usd,gross_capital_formation_pct_gdp,0.18212996904892986
gdp_usd,rule_of_law_imputed,0.1817782111418756
voice_accountability,inflation_consumer_prices_pct,0.18154189657059672
inflation_consumer_prices_pct,voice_accountability_z,0.18154189657059663
carbon_intensity_gdp,total_reserves_usd,0.1797225984765479
inflation_consumer_prices_pct,voice_accountability_imputed,0.17942641238408705
control_corruption,gdp_usd_lag1,0.17675899003308615
control_corruption_z,gdp_usd_lag1,0.17675899003308518
current_account_balance_usd,central_government_debt_pct_gdp,0.17602774943296529
carbon_intensity_gdp,current_account_balance_usd_ln_safe,0.1757805152952301
carbon_intensity_gdp,current_account_balance_usd_ln,0.17578051529523006
control_corruption,gdp_usd,0.17459870136085376
gdp_usd,control_corruption_z,0.17459870136085345
political_stability,employment_ratio_pct,0.1743176401140183
employment_ratio_pct,political_stability_z,0.1743176401140179
employment_ratio_pct,political_stability_imputed,0.17245558143253964
gdp_usd_lag1,control_corruption_imputed,0.17051877577501628
government_final_consumption_pct_gdp,imports_usd_ln_safe,0.17007861526331527
government_final_consumption_pct_gdp,imports_usd_ln,0.17007861526331527
gdp_usd,gdp_per_capita_usd_ln,0.16896712751338
gdp_per_capita_usd_ln,gdp_usd_lag1,0.16879045335821802
gdp_usd,control_corruption_imputed,0.1680428984249953
external_debt_usd_ln,reg_quality_imputed,0.1671423551954285
reg_quality_imputed,external_debt_usd_ln_safe,0.16714235519542842
inflation_consumer_prices_pct,gdp_per_capita_usd_ln,0.16579127036152
imports_usd,avg_tariff_rate_manufactured_pct,0.16547401612935791
gov_index_zmean,gdp_usd_lag1,0.16538256219613928
exports_usd,avg_tariff_rate_manufactured_pct,0.16449018628160772
gdp_usd_lag1,gov_index_zmean_lag1,0.1629033582960722
gdp_usd,gov_index_zmean,0.16256745715357768
total_reserves_usd,gov_effectiveness_z,0.16251664893109125
gov_effectiveness,total_reserves_usd,0.1625166489310911
total_reserves_usd,gdp_per_capita_usd,0.1611214239779439
carbon_intensity_gdp,gross_capital_formation_pct_gdp,0.16063856734314325
external_debt_usd,carbon_intensity_gdp,0.1600095100586474
gdp_usd,gov_index_zmean_lag1,0.15985907410070638
total_reserves_usd,gdp_per_capita_usd_lag1,0.15973856182511426
total_reserves_usd,gov_effectiveness_imputed,0.15954896488389003
carbon_intensity_gdp,government_final_consumption_pct_gdp,0.15843935999276154
political_stability,central_government_debt_pct_gdp,0.15828211761103556
central_government_debt_pct_gdp,political_stability_z,0.1582821176110355
government_final_consumption_pct_gdp,fdi_inflow_usd_ln_safe,0.1558458166052193
government_final_consumption_pct_gdp,fdi_inflow_usd_ln,0.1558458166052193
external_debt_usd_ln,control_corruption_imputed,0.15474608147525157
control_corruption_imputed,external_debt_usd_ln_safe,0.1547460814752515
government_final_consumption_pct_gdp,employment_ratio_pct,0.15450110188952207
voice_accountability_imputed,total_reserves_usd_ln_safe,0.15351883507074796
total_reserves_usd_ln,voice_accountability_imputed,0.15351883507074784
trade_exposure,gdp_per_capita_usd,0.15204595736880192
voice_accountability,total_reserves_usd_ln_safe,0.15181434967291538
voice_accountability,total_reserves_usd_ln,0.15181434967291535
voice_accountability_z,total_reserves_usd_ln_safe,0.15181434967291516
total_reserves_usd_ln,voice_accountability_z,0.15181434967291488
government_final_consumption_pct_gdp,trade_exposure,0.1516012510616691
central_government_debt_pct_gdp,political_stability_imputed,0.15123946056992296
central_government_debt_pct_gdp,fdi_inflow_usd_ln,0.15086427426115753
central_government_debt_pct_gdp,fdi_inflow_usd_ln_safe,0.1508642742611575
employment_ratio_pct,gov_effectiveness_imputed,0.1501325342739933
trade_exposure,gdp_per_capita_usd_lag1,0.1497554194091665
central_government_debt_pct_gdp,gdp_growth_pct,0.1494041769200425
fdi_inflow_usd,voice_accountability_z,0.1493404259890934
voice_accountability,fdi_inflow_usd,0.14934042598909317
gdp_usd,avg_tariff_rate_manufactured_pct,0.14929429292695662
avg_tariff_rate_manufactured_pct,gdp_usd_lag1,0.14924045552103596
gross_capital_formation_pct_gdp,external_debt_usd_ln_safe,0.14917036122136076
gross_capital_formation_pct_gdp,external_debt_usd_ln,0.14917036122136076
fdi_inflow_usd,voice_accountability_imputed,0.1484507878729238
employment_ratio_pct,gov_effectiveness_z,0.14729907641408563
gov_effectiveness,employment_ratio_pct,0.14729907641408538
gdp_growth_pct,gdp_per_capita_usd_ln,0.1456916118258406
gross_capital_formation_pct_gdp,fdi_inflow_usd_ln_safe,0.1454076805393801
gross_capital_formation_pct_gdp,fdi_inflow_usd_ln,0.14540768053938008
total_reserves_usd,gross_capital_formation_pct_gdp,0.14317839772240637
government_final_consumption_pct_gdp,gdp_per_capita_usd_lag1,0.14228737128219154
control_corruption,external_debt_usd_ln_safe,0.14220230627115643
control_corruption,external_debt_usd_ln,0.14220230627115635
external_debt_usd_ln,control_corruption_z,0.14220230627115596
control_corruption_z,external_debt_usd_ln_safe,0.1422023062711559
fdi_inflow_usd,avg_tariff_rate_manufactured_pct,0.14193641298080337
gdp_growth_pct,voice_accountability_imputed,0.14188632903426246
trade_exposure,voice_accountability_imputed,0.1410835891488297
trade_exposure,total_reserves_usd_ln,0.14075102894618463
trade_exposure,total_reserves_usd_ln_safe,0.1407510289461846
central_government_debt_pct_gdp,imports_usd_ln_safe,0.1403697941999601
central_government_debt_pct_gdp,imports_usd_ln,0.14036979419996004
gross_capital_formation_pct_gdp,political_stability_imputed,0.13997786558235512
political_stability,gross_capital_formation_pct_gdp,0.139393785068241
gross_capital_formation_pct_gdp,political_stability_z,0.1393937850682405
gdp_growth_pct,voice_accountability_z,0.13909482764244913
voice_accountability,gdp_growth_pct,0.13909482764244874
gov_effectiveness,government_final_consumption_pct_gdp,0.1389907501166932
government_final_consumption_pct_gdp,gov_effectiveness_z,0.13899075011669298
trade_exposure,voice_accountability_z,0.13702316179809473
voice_accountability,trade_exposure,0.1370231617980947
political_stability,exports_usd,0.1364556850482415
exports_usd,political_stability_z,0.1364556850482407
imports_usd,gdp_per_capita_usd,0.13506491288882896
government_final_consumption_pct_gdp,gdp_per_capita_usd,0.1349461673230415
government_final_consumption_pct_gdp,gov_effectiveness_imputed,0.13424343955311277
gdp_growth_pct,gdp_per_capita_usd_lag1,0.13389630289602292
exports_usd,political_stability_imputed,0.133488895121578
external_debt_usd,reg_quality_z,0.13290911594253185
reg_quality,external_debt_usd,0.13290911594253135
central_government_debt_pct_gdp,trade_exposure,0.13283261124503543
employment_ratio_pct,control_corruption_z,0.13191153906127415
control_corruption,employment_ratio_pct,0.13191153906127345
imports_usd,gdp_per_capita_usd_lag1,0.1316625298503877
employment_ratio_pct,control_corruption_imputed,0.13142797107967036
exports_usd,gdp_per_capita_usd,0.1313713177499123
external_debt_usd,reg_quality_imputed,0.13050085676531742
central_government_debt_pct_gdp,exports_usd_ln_safe,0.12931768433227916
central_government_debt_pct_gdp,exports_usd_ln,0.12931768433227903
inflation_consumer_prices_pct,gdp_per_capita_usd,0.12925455051494328
gdp_growth_pct,gov_index_zmean_lag1,0.12867304028049117
employment_ratio_pct,fdi_inflow_usd_ln,0.12854995563019317
employment_ratio_pct,fdi_inflow_usd_ln_safe,0.12854995563019314
current_account_balance_usd,exports_usd,0.12820821493085643
government_final_consumption_pct_gdp,gdp_growth_pct,0.1281950422538104
exports_usd,gdp_per_capita_usd_lag1,0.12799363110291856
political_stability,fdi_inflow_usd_ln,0.12544386474526736
political_stability,fdi_inflow_usd_ln_safe,0.12544386474526734
fdi_inflow_usd_ln,political_stability_z,0.1254438647452673
political_stability_z,fdi_inflow_usd_ln_safe,0.12544386474526711
inflation_gdp_deflator_pct,gov_index_zmean_lag1,0.12447789650951989
gdp_growth_pct,rule_of_law_imputed,0.12425294191384724
inflation_gdp_deflator_pct,reg_quality_imputed,0.1242279484658436
imports_usd,trade_exposure,0.12326140163092707
employment_ratio_pct,gov_index_zmean_lag1,0.12317416303843569
rule_of_law,gdp_growth_pct,0.12306801650195394
gdp_growth_pct,rule_of_law_z,0.12306801650195387
employment_ratio_pct,gov_index_zmean,0.12283402749154106
inflation_gdp_deflator_pct,gov_index_zmean,0.12256709895808657
inflation_consumer_prices_pct,gdp_per_capita_usd_lag1,0.12190013753016671
employment_ratio_pct,exports_usd_ln_safe,0.12178491777753728
employment_ratio_pct,exports_usd_ln,0.12178491777753728
political_stability,imports_usd,0.12163285492411746
imports_usd,political_stability_z,0.12163285492411659
political_stability_imputed,fdi_inflow_usd_ln_safe,0.12103932069046651
fdi_inflow_usd_ln,political_stability_imputed,0.12103932069046645
reg_quality,inflation_gdp_deflator_pct,0.12078951130683652
inflation_gdp_deflator_pct,reg_quality_z,0.1207895113068361
gross_capital_formation_pct_gdp,imports_usd_ln,0.11950130295700144
gross_capital_formation_pct_gdp,imports_usd_ln_safe,0.11950130295700143
inflation_consumer_prices_pct,government_final_consumption_pct_gdp,0.11946717319470937
imports_usd,political_stability_imputed,0.1189145152794539
exports_usd,trade_exposure,0.11840835922731076
inflation_gdp_deflator_pct,rule_of_law_imputed,0.11834533915304532
gdp_growth_pct,control_corruption_imputed,0.11810038437518361
gdp_growth_pct,gov_index_zmean,0.11793146484940036
gdp_per_capita_usd,gdp_usd_ln_safe,0.11764623345928683
gdp_per_capita_usd,gdp_usd_ln,0.11764623345928679
central_government_debt_pct_gdp,inflation_gdp_deflator_pct,0.11745208301135626
employment_ratio_pct,external_debt_usd_ln_safe,0.11733594792062074
employment_ratio_pct,external_debt_usd_ln,0.11733594792062073
fdi_inflow_usd,gdp_per_capita_usd,0.11601038446527179
employment_ratio_pct,reg_quality_imputed,0.11597688487714841
inflation_gdp_deflator_pct,rule_of_law_z,0.11573174910578808
rule_of_law,inflation_gdp_deflator_pct,0.1157317491057876
gdp_per_capita_usd_lag1,gdp_usd_ln_safe,0.11441025274280765
gdp_usd_ln,gdp_per_capita_usd_lag1,0.11441025274280758
political_stability_z,exports_usd_ln_safe,0.11439724126132175
exports_usd_ln,political_stability_z,0.11439724126132172
political_stability,exports_usd_ln,0.11439724126132149
political_stability,exports_usd_ln_safe,0.11439724126132146
control_corruption,gdp_growth_pct,0.1131946569487633
gdp_growth_pct,control_corruption_z,0.11319465694876289
inflation_gdp_deflator_pct,gov_effectiveness_imputed,0.11290304151242274
political_stability,inflation_gdp_deflator_pct,0.11277052458175629
inflation_gdp_deflator_pct,political_stability_z,0.11277052458175622
inflation_gdp_deflator_pct,political_stability_imputed,0.11272429491554778
employment_ratio_pct,reg_quality_z,0.11244561844306153
reg_quality,employment_ratio_pct,0.11244561844306138
fdi_inflow_usd,gdp_per_capita_usd_lag1,0.11235956886402318
trade_exposure,current_account_balance_usd_ln_safe,0.11225342767574902
trade_exposure,current_account_balance_usd_ln,0.11225342767574888
inflation_gdp_deflator_pct,gov_effectiveness_z,0.1112928902720213
gov_effectiveness,inflation_gdp_deflator_pct,0.11129289027202116
gdp_growth_pct,employment_ratio_pct,0.11104280023252569
external_debt_usd,avg_tariff_rate_manufactured_pct,0.11096038751227912
current_account_balance_usd,fdi_inflow_usd,0.11080804191496343
inflation_gdp_deflator_pct,voice_accountability_imputed,0.10845590324890826
voice_accountability_z,gdp_usd_lag1,0.10839124930930141
voice_accountability,gdp_usd_lag1,0.10839124930930123
employment_ratio_pct,gdp_per_capita_usd_ln,0.1071489199836492
voice_accountability,inflation_gdp_deflator_pct,0.10707406411757645
inflation_gdp_deflator_pct,voice_accountability_z,0.1070740641175761
reg_quality,total_reserves_usd,0.10689394374430693
total_reserves_usd,reg_quality_z,0.10689394374430643
inflation_gdp_deflator_pct,control_corruption_imputed,0.10673521283579727
employment_ratio_pct,total_reserves_usd_ln,0.10651666555685645
employment_ratio_pct,total_reserves_usd_ln_safe,0.10651666555685639
total_reserves_usd,reg_quality_imputed,0.106514108369915
exports_usd_ln,political_stability_imputed,0.10641200652020563
political_stability_imputed,exports_usd_ln_safe,0.10641200652020562
total_reserves_usd,avg_tariff_rate_manufactured_pct,0.10566661135672284
voice_accountability,gdp_usd,0.10549131648718434
gdp_usd,voice_accountability_z,0.10549131648718377
political_stability_imputed,gdp_usd_ln_safe,0.10545889465588607
gdp_usd_ln,political_stability_imputed,0.10545889465588601
government_final_consumption_pct_gdp,current_account_balance_usd_ln,0.10514708715863738
government_final_consumption_pct_gdp,current_account_balance_usd_ln_safe,0.10514708715863737
total_reserves_usd,rule_of_law_z,0.10499701000654871
rule_of_law,total_reserves_usd,0.10499701000654847
total_reserves_usd,rule_of_law_imputed,0.10495682845683538
fdi_inflow_usd,political_stability_z,0.10477729116574652
political_stability,fdi_inflow_usd,0.1047772911657462
gdp_usd_lag1,voice_accountability_imputed,0.10438440254613852
fdi_inflow_usd,political_stability_imputed,0.10413281800613464
control_corruption,inflation_gdp_deflator_pct,0.10381931388910166
inflation_gdp_deflator_pct,control_corruption_z,0.10381931388910094
central_government_debt_pct_gdp,gross_capital_formation_pct_gdp,0.10359408808148421
central_government_debt_pct_gdp,gdp_usd_ln,0.10275667048175155
central_government_debt_pct_gdp,gdp_usd_ln_safe,0.10275667048175154
gdp_usd,voice_accountability_imputed,0.10173894524116453
central_government_debt_pct_gdp,external_debt_usd_ln_safe,0.09979452962762432
central_government_debt_pct_gdp,external_debt_usd_ln,0.09979452962762417
gdp_growth_pct,reg_quality_imputed,0.09973275089190195
trade_exposure,fdi_inflow_usd_ln,0.09847928424175258
trade_exposure,fdi_inflow_usd_ln_safe,0.09847928424175255
gdp_growth_pct,reg_quality_z,0.09841719871667871
reg_quality,gdp_growth_pct,0.09841719871667831
total_reserves_usd,employment_ratio_pct,0.09785349650211923
employment_ratio_pct,rule_of_law_z,0.09783020245348278
rule_of_law,employment_ratio_pct,0.09783020245348263
gross_capital_formation_pct_gdp,exports_usd_ln,0.09725099568948785
gross_capital_formation_pct_gdp,exports_usd_ln_safe,0.09725099568948783
employment_ratio_pct,rule_of_law_imputed,0.09687680914028544
trade_exposure,imports_usd_ln_safe,0.09647940747512852
trade_exposure,imports_usd_ln,0.0964794074751285
control_corruption,total_reserves_usd,0.09593778570247447
total_reserves_usd,control_corruption_z,0.09593778570247409
political_stability,gdp_usd_ln,0.09577949243072534
gdp_usd_ln,political_stability_z,0.09577949243072531
political_stability,gdp_usd_ln_safe,0.09577949243072528
political_stability_z,gdp_usd_ln_safe,0.09577949243072527
gdp_growth_pct,gov_effectiveness_imputed,0.09554317361082043
total_reserves_usd,control_corruption_imputed,0.0944657438342836
gov_effectiveness,gdp_growth_pct,0.09266349969498903
gdp_growth_pct,gov_effectiveness_z,0.09266349969498835
gdp_growth_pct,gdp_per_capita_usd,0.09217529362202159
rule_of_law,external_debt_usd,0.09091973449132051
external_debt_usd,rule_of_law_z,0.09091973449132046
inflation_gdp_deflator_pct,gdp_per_capita_usd_lag1,0.09087236299394766
external_debt_usd,employment_ratio_pct,0.09079468840524788
inflation_consumer_prices_pct,gross_capital_formation_pct_gdp,0.0902751889951956
external_debt_usd,rule_of_law_imputed,0.08972278534591295
employment_ratio_pct,imports_usd_ln,0.08901285605800974
employment_ratio_pct,imports_usd_ln_safe,0.08901285605800972
gross_capital_formation_pct_gdp,total_reserves_usd_ln,0.08874714629110331
gross_capital_formation_pct_gdp,total_reserves_usd_ln_safe,0.0887471462911033
gross_capital_formation_pct_gdp,gdp_usd_ln_safe,0.08831355372627425
gross_capital_formation_pct_gdp,gdp_usd_ln,0.08831355372627422
inflation_consumer_prices_pct,central_government_debt_pct_gdp,0.08813587225815799
current_account_balance_usd,external_debt_usd_ln_safe,0.08722346213831003
current_account_balance_usd,external_debt_usd_ln,0.0872234621383099
inflation_consumer_prices_pct,trade_exposure,0.08717270686276893
inflation_gdp_deflator_pct,gdp_per_capita_usd_ln,0.08711518095745178
gross_capital_formation_pct_gdp,employment_ratio_pct,0.08585904090620226
inflation_consumer_prices_pct,total_reserves_usd_ln,0.08426426779141648
inflation_consumer_prices_pct,total_reserves_usd_ln_safe,0.08426426779141645
inflation_consumer_prices_pct,current_account_balance_usd_ln_safe,0.08410383641870155
inflation_consumer_prices_pct,current_account_balance_usd_ln,0.08410383641870155
voice_accountability_imputed,external_debt_usd_ln_safe,0.08364843677388162
external_debt_usd_ln,voice_accountability_imputed,0.08364843677388162
current_account_balance_usd,trade_exposure,0.08359462619875574
reg_quality,government_final_consumption_pct_gdp,0.08345761162460454
government_final_consumption_pct_gdp,reg_quality_z,0.08345761162460413
gdp_usd,gdp_per_capita_usd,0.08325661783160003
trade_exposure,gdp_usd,0.08297910363242969
gdp_usd_lag1,gdp_per_capita_usd_lag1,0.08294582675995729
trade_exposure,gdp_usd_lag1,0.08283191401619644
government_final_consumption_pct_gdp,reg_quality_imputed,0.08259625603979796
gdp_per_capita_usd,gdp_usd_lag1,0.08256744292556602
inflation_consumer_prices_pct,exports_usd_ln,0.08154079957211875
inflation_consumer_prices_pct,exports_usd_ln_safe,0.08154079957211875
external_debt_usd_ln,voice_accountability_z,0.0813957583857914
voice_accountability,external_debt_usd_ln_safe,0.0813957583857914
voice_accountability_z,external_debt_usd_ln_safe,0.08139575838579138
voice_accountability,external_debt_usd_ln,0.08139575838579133
central_government_debt_pct_gdp,total_reserves_usd_ln,0.08107615447783442
central_government_debt_pct_gdp,total_reserves_usd_ln_safe,0.08107615447783442
gdp_usd,gdp_per_capita_usd_lag1,0.08092402492959036
inflation_consumer_prices_pct,imports_usd_ln_safe,0.08066009670919591
inflation_consumer_prices_pct,imports_usd_ln,0.08066009670919588
total_reserves_usd,gov_index_zmean,0.08061214281685039
inflation_consumer_prices_pct,fdi_inflow_usd_ln,0.08049399009590495
inflation_consumer_prices_pct,fdi_inflow_usd_ln_safe,0.08049399009590495
employment_ratio_pct,gdp_usd_ln_safe,0.08035793597984556
employment_ratio_pct,gdp_usd_ln,0.08035793597984556
total_reserves_usd,gov_index_zmean_lag1,0.08020564763673424
current_account_balance_usd_ln,voice_accountability_imputed,0.07955241265759883
voice_accountability_imputed,current_account_balance_usd_ln_safe,0.07955241265759881
current_account_balance_usd,total_reserves_usd_ln,0.07922636182360616
current_account_balance_usd,total_reserves_usd_ln_safe,0.07922636182360608
gdp_deflator_index,political_stability_z,0.0789027679768521
political_stability,gdp_deflator_index,0.07890276797685206
voice_accountability,current_account_balance_usd_ln_safe,0.07822602962022446
voice_accountability,current_account_balance_usd_ln,0.07822602962022429
voice_accountability_z,current_account_balance_usd_ln_safe,0.07822602962022429
current_account_balance_usd_ln,voice_accountability_z,0.07822602962022414
political_stability,imports_usd_ln_safe,0.07753312638919112
political_stability,imports_usd_ln,0.07753312638919108
political_stability_z,imports_usd_ln_safe,0.077533126389191
imports_usd_ln,political_stability_z,0.0775331263891909
gross_capital_formation_pct_gdp,gdp_usd,0.07748864707468667
gross_capital_formation_pct_gdp,current_account_balance_usd_ln,0.0770405984676791
gross_capital_formation_pct_gdp,current_account_balance_usd_ln_safe,0.07704059846767904
current_account_balance_usd,voice_accountability_z,0.07699518175411507
voice_accountability,current_account_balance_usd,0.0769951817541149
gross_capital_formation_pct_gdp,gov_effectiveness_imputed,0.07673459672875091
current_account_balance_usd,voice_accountability_imputed,0.075882714077278
inflation_consumer_prices_pct,avg_tariff_rate_manufactured_pct,0.07550988315410544
gross_capital_formation_pct_gdp,gdp_per_capita_usd_lag1,0.07332395221001856
gdp_growth_pct,political_stability_z,0.07286792280223184
political_stability,gdp_growth_pct,0.07286792280223169
carbon_intensity_gdp,avg_tariff_rate_manufactured_pct,0.07245317208336072
gross_capital_formation_pct_gdp,rule_of_law_imputed,0.07221767049874696
imports_usd_ln,political_stability_imputed,0.07208558528350537
political_stability_imputed,imports_usd_ln_safe,0.07208558528350523
gov_effectiveness,gross_capital_formation_pct_gdp,0.07192657637477202
gross_capital_formation_pct_gdp,gov_effectiveness_z,0.07192657637477194
gross_capital_formation_pct_gdp,gdp_usd_lag1,0.07175890730955015
gdp_growth_pct,political_stability_imputed,0.07163313973772482
gross_capital_formation_pct_gdp,gdp_deflator_index,0.07152979325608642
gov_index_zmean_lag1,external_debt_usd_ln_safe,0.07074849092834758
external_debt_usd_ln,gov_index_zmean_lag1,0.07074849092834747
gdp_deflator_index,gov_index_zmean,0.07063979300775942
external_debt_usd,gov_index_zmean,0.07022737927372076
rule_of_law,gross_capital_formation_pct_gdp,0.06883589503406425
gross_capital_formation_pct_gdp,rule_of_law_z,0.06883589503406419
gdp_deflator_index,gov_effectiveness_z,0.06816929047724514
gov_effectiveness,gdp_deflator_index,0.06816929047724501
external_debt_usd,gov_index_zmean_lag1,0.06806065140553018
inflation_gdp_deflator_pct,avg_tariff_rate_manufactured_pct,0.06749610528167065
central_government_debt_pct_gdp,employment_ratio_pct,0.06727735756047942
carbon_intensity_gdp,political_stability_imputed,0.06653396917467524
trade_exposure,exports_usd_ln_safe,0.0663041358540441
trade_exposure,exports_usd_ln,0.06630413585404407
exports_usd,gross_capital_formation_pct_gdp,0.06602681918055095
gov_index_zmean,external_debt_usd_ln_safe,0.0656115317251556
external_debt_usd_ln,gov_index_zmean,0.0656115317251556
carbon_intensity_gdp,gdp_per_capita_usd_ln,0.0654774928717615
voice_accountability_z,gdp_usd_ln_safe,0.0653358376045904
gdp_usd_ln,voice_accountability_z,0.06533583760459036
voice_accountability,gdp_usd_ln,0.06533583760459034
voice_accountability,gdp_usd_ln_safe,0.06533583760459026
external_debt_usd,trade_exposure,0.06522678576089906
carbon_intensity_gdp,political_stability_z,0.06483377357479805
political_stability,carbon_intensity_gdp,0.06483377357479787
carbon_intensity_gdp,central_government_debt_pct_gdp,0.06442852206639092
gdp_deflator_index,reg_quality_z,0.06421497562639934
reg_quality,gdp_deflator_index,0.06421497562639934
gross_capital_formation_pct_gdp,gdp_per_capita_usd,0.06345640589325038
inflation_gdp_deflator_pct,total_reserves_usd_ln_safe,0.06260540071723
inflation_gdp_deflator_pct,total_reserves_usd_ln,0.06260540071723
gross_capital_formation_pct_gdp,imports_usd,0.06243475870599625
gross_capital_formation_pct_gdp,trade_exposure,0.062319112816989104
gdp_usd_ln,voice_accountability_imputed,0.06073421193910778
voice_accountability_imputed,gdp_usd_ln_safe,0.06073421193910768
gdp_deflator_index,rule_of_law_z,0.060208548693312235
rule_of_law,gdp_deflator_index,0.060208548693312075
gross_capital_formation_pct_gdp,inflation_gdp_deflator_pct,0.05916505526587522
inflation_consumer_prices_pct,gdp_growth_pct,0.059015500831041734
inflation_gdp_deflator_pct,current_account_balance_usd_ln_safe,0.05877499264945089
inflation_gdp_deflator_pct,current_account_balance_usd_ln,0.05877499264945088
gdp_deflator_index,voice_accountability_z,0.0586731033191442
voice_accountability,gdp_deflator_index,0.05867310331914409
inflation_gdp_deflator_pct,gdp_per_capita_usd,0.0583233205970864
control_corruption,gdp_deflator_index,0.058234514737300555
gdp_deflator_index,control_corruption_z,0.0582345147373004
political_stability_z,current_account_balance_usd_ln_safe,0.05749870966328767
current_account_balance_usd_ln,political_stability_z,0.057498709663287614
political_stability,current_account_balance_usd_ln_safe,0.0574987096632875
political_stability,current_account_balance_usd_ln,0.05749870966328746
gross_capital_formation_pct_gdp,gov_index_zmean,0.05701551810659488
current_account_balance_usd_ln,political_stability_imputed,0.05555363501697012
political_stability_imputed,current_account_balance_usd_ln_safe,0.05555363501697011
government_final_consumption_pct_gdp,inflation_gdp_deflator_pct,0.055387633905397804
control_corruption,external_debt_usd,0.05501951224374143
external_debt_usd,control_corruption_z,0.05501951224374142
gdp_growth_pct,avg_tariff_rate_manufactured_pct,0.05372309649858106
rule_of_law_imputed,external_debt_usd_ln_safe,0.053060051242356035
external_debt_usd_ln,rule_of_law_imputed,0.05306005124235597
current_account_balance_usd,exports_usd_ln,0.05291498423406463
current_account_balance_usd,exports_usd_ln_safe,0.05291498423406458
external_debt_usd,control_corruption_imputed,0.05241652072903684
gdp_usd,employment_ratio_pct,0.0516789630516162
gross_capital_formation_pct_gdp,gov_index_zmean_lag1,0.05131512048941755
gdp_deflator_index,gov_index_zmean_lag1,0.05072450170980426
gdp_deflator_index,political_stability_imputed,0.05050183256856121
fdi_inflow_usd,gross_capital_formation_pct_gdp,0.05045125814229777
central_government_debt_pct_gdp,gdp_deflator_index,0.050059178781121316
exports_usd,employment_ratio_pct,0.04918996358420029
gdp_deflator_index,gdp_growth_pct,0.04910184210690911
fdi_inflow_usd,trade_exposure,0.04889178765393583
inflation_consumer_prices_pct,gdp_usd,0.048529589090166546
inflation_consumer_prices_pct,exports_usd,0.048427019628554564
employment_ratio_pct,gdp_usd_lag1,0.048338998245247435
gdp_deflator_index,reg_quality_imputed,0.04829228078834259
central_government_debt_pct_gdp,avg_tariff_rate_manufactured_pct,0.04825810943043962
fdi_inflow_usd,inflation_consumer_prices_pct,0.048224694425270054
inflation_consumer_prices_pct,imports_usd,0.04801648620132104
fdi_inflow_usd,employment_ratio_pct,0.04776209166697251
external_debt_usd,political_stability_imputed,0.047510717832171166
total_reserves_usd,inflation_consumer_prices_pct,0.04749349889104131
rule_of_law,external_debt_usd_ln,0.047322122699778583
rule_of_law,external_debt_usd_ln_safe,0.04732212269977857
rule_of_law_z,external_debt_usd_ln_safe,0.04732212269977844
external_debt_usd_ln,rule_of_law_z,0.04732212269977843
inflation_consumer_prices_pct,gdp_usd_lag1,0.04719211656118436
political_stability,external_debt_usd,0.04663296644837934
external_debt_usd,political_stability_z,0.04663296644837927
imports_usd,employment_ratio_pct,0.04657921567140029
reg_quality,carbon_intensity_gdp,0.04600525403985537
carbon_intensity_gdp,reg_quality_z,0.04600525403985518
inflation_consumer_prices_pct,gdp_usd_ln_safe,0.04494026775288904
inflation_consumer_prices_pct,gdp_usd_ln,0.04494026775288897
gross_capital_formation_pct_gdp,control_corruption_imputed,0.044787858312594825
gdp_deflator_index,voice_accountability_imputed,0.044271697515345106
gdp_deflator_index,rule_of_law_imputed,0.04411328441040394
carbon_intensity_gdp,reg_quality_imputed,0.04332979138785766
gdp_deflator_index,gov_effectiveness_imputed,0.043054601813074966
gross_capital_formation_pct_gdp,avg_tariff_rate_manufactured_pct,0.04297017479996347
gdp_growth_pct,external_debt_usd_ln_safe,0.041613411704575165
gdp_growth_pct,external_debt_usd_ln,0.041613411704575116
gross_capital_formation_pct_gdp,control_corruption_z,0.04083560369414168
control_corruption,gross_capital_formation_pct_gdp,0.04083560369414164
gdp_deflator_index,control_corruption_imputed,0.04061881494784389
current_account_balance_usd,gross_capital_formation_pct_gdp,0.039938281970107556
gdp_growth_pct,fdi_inflow_usd_ln_safe,0.039928503944453866
gdp_growth_pct,fdi_inflow_usd_ln,0.03992850394445384
gdp_usd,political_stability_z,0.03981072808703837
political_stability,gdp_usd,0.039810728087038325
political_stability_z,gdp_usd_lag1,0.039477555924250146
political_stability,gdp_usd_lag1,0.039477555924250105
inflation_consumer_prices_pct,external_debt_usd_ln_safe,0.038608090858769
inflation_consumer_prices_pct,external_debt_usd_ln,0.03860809085876899
inflation_gdp_deflator_pct,imports_usd_ln,0.038607492688059276
inflation_gdp_deflator_pct,imports_usd_ln_safe,0.03860749268805927
gdp_usd_lag1,political_stability_imputed,0.0381202923436678
gdp_usd,political_stability_imputed,0.03768747456416986
inflation_gdp_deflator_pct,fdi_inflow_usd_ln_safe,0.03692201480652369
inflation_gdp_deflator_pct,fdi_inflow_usd_ln,0.03692201480652369
inflation_gdp_deflator_pct,exports_usd_ln_safe,0.03634589415868065
inflation_gdp_deflator_pct,exports_usd_ln,0.03634589415868062
total_reserves_usd,central_government_debt_pct_gdp,0.03625932699316216
external_debt_usd,inflation_consumer_prices_pct,0.036234243630432615
trade_exposure,inflation_gdp_deflator_pct,0.03587714427883396
gdp_deflator_index,external_debt_usd_ln,0.035666405515413585
gdp_deflator_index,external_debt_usd_ln_safe,0.03566640551541358
external_debt_usd,gdp_growth_pct,0.034948656824647734
inflation_gdp_deflator_pct,gdp_usd_lag1,0.03484894980492171
total_reserves_usd,voice_accountability_z,0.03390827757756519
voice_accountability,total_reserves_usd,0.03390827757756514
external_debt_usd,central_government_debt_pct_gdp,0.03319454737071207
carbon_intensity_gdp,gdp_per_capita_usd,0.03248585869875982
carbon_intensity_gdp,gdp_per_capita_usd_lag1,0.03219368483813624
carbon_intensity_gdp,gdp_usd_lag1,0.032187969451761216
carbon_intensity_gdp,gdp_usd,0.03218496696996129
total_reserves_usd,voice_accountability_imputed,0.03208185042105331
current_account_balance_usd,imports_usd_ln,0.031926199109153106
current_account_balance_usd,imports_usd_ln_safe,0.031926199109153085
current_account_balance_usd,employment_ratio_pct,0.03172490914371344
carbon_intensity_gdp,rule_of_law_z,0.03126627962977087
rule_of_law,carbon_intensity_gdp,0.031266279629770764
current_account_balance_usd,government_final_consumption_pct_gdp,0.03125519146942185
control_corruption,carbon_intensity_gdp,0.03083825550735565
carbon_intensity_gdp,control_corruption_z,0.030838255507355593
carbon_intensity_gdp,rule_of_law_imputed,0.030646444151078665
carbon_intensity_gdp,employment_ratio_pct,0.030381796762484498
current_account_balance_usd,political_stability_z,0.030266530346594656
political_stability,current_account_balance_usd,0.030266530346594628
carbon_intensity_gdp,exports_usd,0.029741957280837478
current_account_balance_usd,political_stability_imputed,0.02887845405044667
government_final_consumption_pct_gdp,total_reserves_usd_ln_safe,0.028548892894226612
government_final_consumption_pct_gdp,total_reserves_usd_ln,0.028548892894226584
carbon_intensity_gdp,imports_usd,0.028103214385253015
gross_capital_formation_pct_gdp,gdp_per_capita_usd_ln,0.027367770339490012
gdp_growth_pct,exports_usd_ln,0.026940554969832997
gdp_growth_pct,exports_usd_ln_safe,0.02694055496983299
gdp_growth_pct,current_account_balance_usd_ln_safe,0.026880402042109636
gdp_growth_pct,current_account_balance_usd_ln,0.02688040204210963
voice_accountability,gross_capital_formation_pct_gdp,0.026697156338832524
gross_capital_formation_pct_gdp,voice_accountability_z,0.0266971563388324
fdi_inflow_usd,carbon_intensity_gdp,0.026139328246226636
carbon_intensity_gdp,trade_exposure,0.025996381533896235
inflation_consumer_prices_pct,employment_ratio_pct,0.02577610006330573
trade_exposure,gdp_deflator_index,0.025728009780023514
gdp_deflator_index,employment_ratio_pct,0.025528053896436285
carbon_intensity_gdp,control_corruption_imputed,0.025449075018495065
gdp_growth_pct,gdp_usd_ln,0.025389702734610754
gdp_growth_pct,gdp_usd_ln_safe,0.025389702734610747
gdp_growth_pct,total_reserves_usd_ln,0.024767737961154963
gdp_growth_pct,total_reserves_usd_ln_safe,0.024767737961154952
imports_usd,inflation_gdp_deflator_pct,0.024652675477334345
exports_usd,inflation_gdp_deflator_pct,0.02458269967902268
fdi_inflow_usd,inflation_gdp_deflator_pct,0.023931924534042717
gross_capital_formation_pct_gdp,voice_accountability_imputed,0.023706110177116626
inflation_gdp_deflator_pct,gdp_usd,0.023692871428579995
gdp_deflator_index,gdp_per_capita_usd_ln,0.023559492496195
current_account_balance_usd,gdp_per_capita_usd_ln,0.02345869744163731
gross_capital_formation_pct_gdp,reg_quality_imputed,0.023405061243056573
total_reserves_usd,inflation_gdp_deflator_pct,0.022950879770129023
inflation_gdp_deflator_pct,gdp_growth_pct,0.02208538869622353
gdp_deflator_index,imports_usd_ln,0.021861188010028572
gdp_deflator_index,imports_usd_ln_safe,0.021861188010028527
gdp_growth_pct,imports_usd_ln,0.021566420157992254
gdp_growth_pct,imports_usd_ln_safe,0.021566420157992244
government_final_consumption_pct_gdp,gross_capital_formation_pct_gdp,0.021462334417191375
current_account_balance_usd,reg_quality_imputed,0.021377645617897702
voice_accountability,external_debt_usd,0.021109947212733376
external_debt_usd,voice_accountability_z,0.02110994721273317
political_stability_z,total_reserves_usd_ln_safe,0.02010404491832384
total_reserves_usd_ln,political_stability_z,0.02010404491832381
political_stability,total_reserves_usd_ln_safe,0.020104044918323655
political_stability,total_reserves_usd_ln,0.02010404491832365
external_debt_usd,voice_accountability_imputed,0.019808324940825607
central_government_debt_pct_gdp,government_final_consumption_pct_gdp,0.019521397826842254
external_debt_usd,inflation_gdp_deflator_pct,0.01940727696588694
reg_quality,current_account_balance_usd,0.01939943344530779
current_account_balance_usd,reg_quality_z,0.019399433445307725
trade_exposure,gdp_usd_ln_safe,0.0193384111267841
trade_exposure,gdp_usd_ln,0.019338411126784097
gdp_deflator_index,exports_usd_ln,0.01880240459266052
gdp_deflator_index,exports_usd_ln_safe,0.018802404592660513
current_account_balance_usd,rule_of_law_imputed,0.01839720769878646
gross_capital_formation_pct_gdp,reg_quality_z,0.018293469492306466
reg_quality,gross_capital_formation_pct_gdp,0.018293469492306445
gdp_deflator_index,gdp_per_capita_usd_lag1,0.018028730503796917
trade_exposure,external_debt_usd_ln_safe,0.01770275763170237
trade_exposure,external_debt_usd_ln,0.017702757631702343
current_account_balance_usd,inflation_consumer_prices_pct,0.017693596199019786
gdp_deflator_index,gdp_per_capita_usd,0.017329193778301603
inflation_gdp_deflator_pct,gdp_usd_ln_safe,0.01713434540056062
inflation_gdp_deflator_pct,gdp_usd_ln,0.01713434540056061
political_stability_imputed,total_reserves_usd_ln_safe,0.016757274967810598
total_reserves_usd_ln,political_stability_imputed,0.01675727496781056
current_account_balance_usd,rule_of_law_z,0.016342370122919885
rule_of_law,current_account_balance_usd,0.016342370122919808
gdp_deflator_index,avg_tariff_rate_manufactured_pct,0.016228573842976414
carbon_intensity_gdp,gov_index_zmean_lag1,0.016136226129307967
trade_exposure,employment_ratio_pct,0.015961089528849236
employment_ratio_pct,voice_accountability_imputed,0.01559936629908417
current_account_balance_usd,gdp_usd_ln_safe,0.015442906591712739
current_account_balance_usd,gdp_usd_ln,0.01544290659171261
gdp_growth_pct,gdp_usd_lag1,0.014883792434471254
voice_accountability,employment_ratio_pct,0.014804677250531351
employment_ratio_pct,voice_accountability_z,0.014804677250531343
total_reserves_usd,trade_exposure,0.01425916046377564
imports_usd,gdp_growth_pct,0.013865338878634137
carbon_intensity_gdp,gov_index_zmean,0.013419353905909401
total_reserves_usd,political_stability_z,0.013223773479956784
political_stability,total_reserves_usd,0.013223773479956735
gdp_deflator_index,current_account_balance_usd_ln,0.013216710763759909
gdp_deflator_index,current_account_balance_usd_ln_safe,0.013216710763759907
current_account_balance_usd,gdp_growth_pct,0.013196979747292033
current_account_balance_usd,gov_index_zmean_lag1,0.013186927898008287
total_reserves_usd,political_stability_imputed,0.013071655881026137
carbon_intensity_gdp,gdp_growth_pct,0.01298712134169953
gdp_deflator_index,total_reserves_usd_ln_safe,0.012938302822096974
gdp_deflator_index,total_reserves_usd_ln,0.012938302822096955
current_account_balance_usd,gov_index_zmean,0.012773402213482617
fdi_inflow_usd,government_final_consumption_pct_gdp,0.012675377671870923
carbon_intensity_gdp,exports_usd_ln,0.01257868155516283
carbon_intensity_gdp,exports_usd_ln_safe,0.012578681555162787
inflation_gdp_deflator_pct,employment_ratio_pct,0.01257313763580181
exports_usd,gdp_growth_pct,0.011671940308182374
exports_usd,gdp_deflator_index,0.010948040017452157
gdp_deflator_index,gdp_usd_ln_safe,0.010886946961856558
gdp_deflator_index,gdp_usd_ln,0.010886946961856556
inflation_gdp_deflator_pct,external_debt_usd_ln_safe,0.010411199196141927
inflation_gdp_deflator_pct,external_debt_usd_ln,0.010411199196141908
imports_usd,gdp_deflator_index,0.010254438566770704
gdp_usd,gdp_growth_pct,0.0101833349316334
government_final_consumption_pct_gdp,gdp_deflator_index,0.00979708906589091
government_final_consumption_pct_gdp,gdp_usd,0.00970096094020567
fdi_inflow_usd,gdp_growth_pct,0.009062430137690067
total_reserves_usd,government_final_consumption_pct_gdp,0.008983562081057713
government_final_consumption_pct_gdp,gdp_usd_lag1,0.008549086659269912
trade_exposure,gdp_growth_pct,0.008291433206316432
current_account_balance_usd,gov_effectiveness_z,0.008209073655074913
gov_effectiveness,current_account_balance_usd,0.008209073655074598
current_account_balance_usd,gdp_per_capita_usd_lag1,0.008138517620622638
carbon_intensity_gdp,gov_effectiveness_imputed,0.007637310656526597
current_account_balance_usd,gdp_per_capita_usd,0.007442840509143894
current_account_balance_usd,carbon_intensity_gdp,0.007357142679905038
employment_ratio_pct,avg_tariff_rate_manufactured_pct,0.007323367707652754
carbon_intensity_gdp,gov_effectiveness_z,0.007316760829187412
gov_effectiveness,carbon_intensity_gdp,0.0073167608291873415
external_debt_usd,government_final_consumption_pct_gdp,0.0072313762230955085
current_account_balance_usd,imports_usd,0.0067832919294129376
carbon_intensity_gdp,imports_usd_ln_safe,0.006231524288730827
carbon_intensity_gdp,imports_usd_ln,0.006231524288730792
fdi_inflow_usd,gdp_deflator_index,0.0057634865677798665
current_account_balance_usd,fdi_inflow_usd_ln_safe,0.005759086464917381
current_account_balance_usd,fdi_inflow_usd_ln,0.005759086464917245
central_government_debt_pct_gdp,current_account_balance_usd_ln_safe,0.005709092661515364
central_government_debt_pct_gdp,current_account_balance_usd_ln,0.005709092661515312
current_account_balance_usd,gov_effectiveness_imputed,0.005432303782364146
gdp_deflator_index,gdp_usd_lag1,0.005273203128344656
gdp_deflator_index,gdp_usd,0.004992666494684701
carbon_intensity_gdp,inflation_consumer_prices_pct,0.004736000562612127
total_reserves_usd,gdp_deflator_index,0.0047243455888368
current_account_balance_usd,avg_tariff_rate_manufactured_pct,0.004692008433033112
current_account_balance_usd,inflation_gdp_deflator_pct,0.004296984209733682
carbon_intensity_gdp,gdp_deflator_index,0.004243003716092763
total_reserves_usd,gdp_growth_pct,0.0036676742497047444
carbon_intensity_gdp,fdi_inflow_usd_ln,0.0030665934025482563
carbon_intensity_gdp,fdi_inflow_usd_ln_safe,0.003066593402548242
current_account_balance_usd,gdp_deflator_index,0.0022915040133770492
control_corruption,current_account_balance_usd,0.002234711835936199
current_account_balance_usd,control_corruption_z,0.002234711835935923
government_final_consumption_pct_gdp,imports_usd,0.002136492271404244
carbon_intensity_gdp,voice_accountability_imputed,0.0021321647322947116
carbon_intensity_gdp,inflation_gdp_deflator_pct,0.0012398492646475898
carbon_intensity_gdp,gdp_usd_ln,0.0008644072704646345
carbon_intensity_gdp,gdp_usd_ln_safe,0.0008644072704645599
gdp_deflator_index,fdi_inflow_usd_ln,0.0006350144924666605
gdp_deflator_index,fdi_inflow_usd_ln_safe,0.0006350144924666404
external_debt_usd,gdp_deflator_index,0.0004280998712540058
carbon_intensity_gdp,voice_accountability_z,0.00022476265409770586
voice_accountability,carbon_intensity_gdp,0.0002247626540975845
government_final_consumption_pct_gdp,exports_usd,0.0001616130067927343
current_account_balance_usd,control_corruption_imputed,5.2340056898016006e-05
